"What kind of pet is this (Dog, Cat, Bird, Other)","Pet's Full Name (you don't have to include your last name. Think ""Winston Churchill"" and not ""Winston Churchill MYLASTNAME"")","Pet's everyday name (e.g. ""Church"")",Pet's age,Pet's breed (if applicable)
Dog,WIDGET,WIDGET,5,MINI DACHSHUND
Dog,STELLA BO BELLA,STELLA,6.5,MUTT
Cat,MERYL STREEP,MERRILL,8,
Dog,TILLY,TILLS,13,CHOCOLATE LABRADOR
Cat,PUMPKIN,PUMPKIN,12,
Dog,PETER PETER PUMPKIN EATER,PETEY,5ish,PIT BULL
Cat,JACQUES,JACQUES,12 years,
Dog,REMY,REM,1,UNKNOWN
Dog,OREO,OREO,7,SOME KIND OF MIX
Dog,LJUS  (SWEDISH WORD FOR LIGHT),LJUS,14 weeks,GOLDEN RETRIEVER
Dog,BAMBI,BAMBS,3,UNKNOWN
Cat,MARIE CURIE,MARIE,3 years,
Cat,CLARENCE,CLARENCE,12,RUSSIAN BLUE
Dog,LAYLA ‚ÄòTHE TANK‚Äô,LAYLA,3,PITBULL
Cat,AMBER,AMBS,10,TORTOISESHELL CAT
Dog,BENNY AND THE JETS,BEN,1,MASTIFF/GREAT DANE
Dog,MILO,MILO,7,BICHON FRISEE
Dog,MOCHA,MOCHA,3,PITBULL/TERRIER MIX
Dog,SHADOW,SHADOW,15 ¬Ω,GOLDEN RETRIEVER
Cat,LITTLE BIT,SKITTLES,10,TABBY
Dog,LUNA,LUNA,1,GREAT PYRENEES
Cat,GARRISON,GARRISON,9,RUSSIAN BLUE
Dog,CODY,"BABY, POOKIE",13,BLACK LAB/COCKER SPANIEL MIX
Other,HAMMY,HAM,1,RUSSIAN DWARF HAMSTER
Cat,ZOEY,ZOEY,13,CAT
Dog,OATMEAL,OATMEAL,7 months,GOLDEN RETRIEVER
Dog,GINGER,NUGGET,10,CHIHUAHUA
Cat,LUCY,LUCY,4,RUSSIAN BLUE
Dog,STARBUCK LOUISE,STARBUCK,4,GOLDENDOODLE
Dog,MOCHA ANTOINETTE,MOCHA,7,MUTT
Dog,OSCAR,OSCAR,10,SHEPHERD RETRIEVER MIX
Cat,SERENA,MOUSE PIE,17,DOMESTIC LONGHAIR
Cat,MAXINE WATERS,MAXINE,4,
Dog,MAGNOLIA MAE,NOLI,2.5,GREAT PYRENEES/LAB
Dog,GEORGE COOPER,GEORGIE,2,GOLDEN RETRIEVER
Dog,CAYENNE,CAYENNE,8,GERMAN SHEPHERD
Cat,PIP,PIP,11,TUXEDO
Dog,OLIVE OIL,OLIVE,2,AUSTRALIAN SHEPHERD
Other,IGGY AND ZIGGY,IGS AND ZIGS,3,LOP AND ANGORA
Dog,BROOK,BROOKIE,7,GOLDEN RETRIEVER
Dog,SPARKIE,"SPARK, SPARKIE, SPARKLE",4,MUTT
Dog,MAX,MAXIE,16,CARIN TERRIER/ KERRY BLUE TERRIER/ KEESHOND
Other,HOWARD,HOWIE,10,AMERICAN STAFFORDSHIRE TERRIER MIX
Cat,SAMANTHA BEE,SAM,3,TUXEDO
Dog,ELLA FITZGERALD,ELLA,12,HEINZ 57
Cat,CHANEL,TEENY,6.5,
Other,COMMANDER AMBROSE,THE COMMANDER,10 months,BETTA FISH
Dog,JOSEPHINE BAKES,JOSIE,5,PITBULL/LAB MIX
Dog,LENNIE,LENNIE,2,TREEING TENNESSEE BRINDLE
Cat,OBSIDIAN JAZZ PAWS,OJP,1,FERAL
Cat,SCOTTY,SCOTTY,8,DOMESTIC SHORT HAIR
Cat,MACALLAN,MAC,8,
Dog,CODY JAMES,BUDDY,1.5 years,GOLDEN RETRIEVER
Dog,JAKE,JAKE,2,GOLDEN RETRIEVER/HUSKY/SHEPHERD/JACK RUSSELL
Cat,KATIE,BOO,9,TUXEDO MOGGY
Other,DAMN,IT,2 years,SKYLAKE
Dog,GAIL,GAIL,3,TREEING TENNESSEE BRINDLE
Other,BELLA,BELLA,2,RUSSIAN DWARF HAMSTER
Cat,JUNE BUG,JUNE BUG,5,
Dog,LUCKY,"LUCK, LUCKBOY, LUCK DUCK","3, we think (he‚Äôs a rescue)","JACK A BEE (HALF JACK RUSSELL, HALF BEAGLE)"
Dog,DARCY,DARCY,3,WORKING COCKER SPANIEL
Cat,NEKO,"NEKO, CAT, KITTEN",6,DOMESTIC SHORTHAIR
Cat,MAISY,MAISY,7,
Dog,LUKE ANAKIN,LUKE,9,GOLDEN RETRIEVER
Dog,SADIE,SADIE POT PIE,10,MIXED
Dog,HAZEL NUT,HAZEL,3,AUSTRALIAN SHEPHERD
Cat,MONGOOSE,GOOSEY,23 months,
Cat,FLERF,BAB,16,TORTIE
Dog,BOURBON,BOURBON,3,MIXED
Dog,RILEY,SMILEY RILEY,13,GOLDEN RETRIEVER
Cat,MURPHY,MURPH,13,DOMESTIC SHORTHAIR
Dog,MR. NUBS,MR. NUBS,16,CORGI
Cat,MACKEREL,MACK,23 months,
Cat,REGIS,"REGIS (OR ""LITTLE ASSHOLE"")",about 10 months,
Cat,LAETYNNE MARAH,LAE LAE,7,SIAMESE
Cat,CALLIE,CALLIE,15,DOMESTIC SHORTHAIR (CALICO)
Dog,BENTLEY,BENTLEY BOY,3,AUSTRALIAN LABRADOODLE
Cat,CRUMB BUN,BOBO,9,TUXEDO GARBAGE CAT
Dog,FENWAY,FENWAY,6,BOSTON TERRIER
Dog,BENELLI,NAME,3,BLACK LAB
Other,LENNY,LENNY,12,
Dog,WASHINGTON THE DESTROYER,WASH,6.5,CHOCOLATE LAB
Cat,OTTO,OTTO,16,
Dog,PHILOMENOS,"PHILO, PHIL, PHI PHI",9,PORTUGUESE WATER DOG
Dog,STAMPY WIGGLES,STAMPY,10,GOLDEN DOODLE
Dog,JASMINE,JAZ,5,GOLDEN RETRIEVER
Dog,EMMA,PUPPY,1,CHOCOLATE LAB
Dog,WINSTON,WINTIN,4,WIRE-HAIRED MUTT
Dog,TORCHENAY BE COOL,MAX,13,BEAGLE
Cat,PETUNIA MARIE,TOONEY,7,DOMESTIC SHORTHAIR-TABBY
Dog,BRUTUS,BRUTUS,7,YELLOW LABRADOR RETRIEVER
Cat,LOUIS,LOULOU,4.5,BLACK CAT
Cat,LILAH MAY,LILAH,12,DOMESTIC SHORTHAIR-BLACK
Dog,LUCU,PUPPY,7,BLACK LAB/ BLUE HEELER
Dog,MOSEPHINE,MO,1,STANDARD POODLE
Dog,ABEGEWEIT,ABI (ABBY),16,FOX TERRIER MIX
Dog,KRAMER,KRAY KRAY,12,GOLDEN RETRIEVER
Bird,COCO MOE,COCO,15,COCKATIEL
Cat,APOLLO,BEEPER,1,
Dog,RUSTY,WUSTY,5,GOLDEN LAB
Dog,DEMI,"DEMS, DEMI DOG, THE QUEEN",6,"MIXED (DACHSHUND, BASENJI, AUSTRALIAN CATTLE DOG, RESCUE)"
Dog,ALFREDOG,ALFIE,11,MUTT - MOSTLY JACK RUSSELL
Other,PROFESSOR NIBBLESWORTH BUNNYPANTS,NIBBLES,6,NETHERLAND DWARF
Dog,SHORTY DO-OP,SHORTY,15,MUTT
Dog,PENNY,PENNY,3,AUSTRALIAN SHEPHERD
Dog,TUXEDO,TUX,18 months,SCHNAUZER
Dog,SALLY,SALLY,7,GOLDEN RETRIEVER
Dog,LOLA,LOLA,6,MIXED BREED
Cat,NOODLE,NOODLE,4,DOMESTIC MEDIUM HAIRED
Dog,GUSTAV,GOOBER,10,GERMAN SHEPHERD MIX
Other,CHARLIE,CHARLIE,1.5,SYRIAN
Dog,POPPY SUE GALUSHKA CLEMENTINE,POPPY,4,TREEING WALKER COONHOUND
Dog,DUKE,DUKE,3,AUSTRALIAN SHEPHERD
Dog,MILLIE,MILLS,7,JACK RUSSEL TERRIER
Dog,SIR WINSTON OF WESTON,"WINSTON , WINNIE",10,GOLDEN RETRIEVER
Cat,BUCKY,BUCKS,2,NORWEGIAN FOREST CAT
Dog,ANGUS OGDOG DOGGA MCDUFF,ANGUS,Deceased at 13,WEST HIGHLAND TERRIER
Cat,SPOT,SPOTTY BEAR,4,DOMESTIC SHORT HAIR
Cat,COOKIE,COOKS,2,RAGDOLL
Dog,LADY,DOOFUS,6,CHOCOLATE LAB MIX
Dog,MAGGIE PEACHES,MAGGIE,13,BICHON POODLE
Cat,AMELIA,AMELITA,2,
Dog,CAMEMBERT,CAMI,5,BERNESE MOUNTAIN DOG
Dog,SHADOW,SHADOW,3,SALUKI
Dog,ARCHER,ARCHER,3,GOLDEN RETREIVER
Dog,ROBBIE,ROBZ,1.5,WHIPPET
Cat,NOAH,NOAH,2,
Other,PENNY,PEN,4,
Cat,LOVEY CAT,LOVEY,18,
Dog,ROXY,ROXY,8,PIT BULL
Dog,ASHTON SEBASTIAN,ASH,9,PITBULL MIX
Dog,MAXIMUM,MAX,10,PUGGLE
Dog,ROSALIND PEARL,ROSIE,5,BORDER COLLIE MIX
Other,LENA,LENA,8,DWARF RABBIT
Other,BEAUXBATON,BEAU,2.5 years,WINTER WHITE
Dog,CHYNA,CHYNA,16,LITTLE TERRIER POODLE MIX
Dog,SADIE,SADIE,4,COCKAPOO
Dog,FLYNN,FLYNN,11 months,CORGI
Cat,FELICITY LOUISE,FLICK,4,DOMESTIC SHORT HAIR
Other,JAMES POND,JAMES,5,GOLDFISH
Cat,MARS,MARS,8,DOMESTIC SHORTHAIR
Dog,LOKI,LOKI,3,
Cat,MILLIE,MILL,13,DOMESTIC SHORTHAIR
Dog,TRIXIE,TRIX,3,"TOY FOX TERRIER / YORKIE (""TORKIE"")"
Dog,BIRDY,BIRDY,4,POMERANIAN MIX
Cat,CHARLOTTE WALLACE,CHUCK,8,CAT
Cat,THUMPER DUMPER BUMBLE BUTT,THUMPER,16ish,DOMESTIC SHORT HAIR
Dog,VINCE,VINCIE,11,YELLOW LAB
Dog,COBERT,COB,2,DALMATIAN
Other,LITTLE PRINCE,LP,2,FISH
Dog,JACK DANIEL,JACKIE,3,CHOCOLATE LAB
Dog,CRINKLE,CRINKLE,7,MONGREL
Dog,MAISY LYNN MARIE,MIMSY,6,BEAGLE MIX
Dog,BEEMER,BEEMO,7,AUSSIE DOODLE
Other,ROSENCRANTZ WGP,ROSIE,3,
Cat,MICHELIN,MICHELIN,14,"CAT, HE'S A CAT, WE FOUND HIM ON MY DAD'S TIRE... I THINK YOU CAN GUESS WHAT BRAND TIRES MY DAD HAD"
Dog,MAC,MAC,5,BOXER/MASTIFF MIX
Dog,MAXIMILLION TAXI,MAX,9,LAB MIX
Dog,KRYPTO,DINKY,6,GOLDEN RETRIEVER
Cat,PIPER,PIPPIN,5,CAT
Dog,BO JANGLES,BO,9-10 mo,HUSKY/BOXER
Cat,SLINKEY,SLONK,5,
Dog,BRIXTON,BRIXIE,1,GOLDEN RETRIEVER
Dog,JASPER,JASPER,10,MINIATURE LABRADOODLE
Cat,TABITHA,TABBER,8,
Dog,SHADOW MONTGOMERY,LOVEBUG,2,GOLDEN RETREIVER
Other,VITALE MALE THE HOT TAMALE WHO HAS A COOKING SHOW WITH MARIO BATALE,VITALE,1,BETA
Cat,RAMONA,MEEMO,4,
Dog,SCOUT,SCOUT,14,BEAGLE
Cat,COCOA,"COKES, NUTS, COCOA",12,TUXEDO SHORTHAIR
Cat,NAPOLEON,DEVILED EGG,2,
Dog,LIBBY,LIBBY,12,GOLDEN RETRIEVER
Dog,JASPER TUCKER OAF,JASPER,11,BLACK LAB
Cat,CLARISSA FLUFFNUGGET,CLARY,2,DOMESTIC LONG HAIR
Dog,TAZMANIAN DEVIK,TAZ,9,MUTT
Dog,IGGY PUP,IGGY,4 months,MINIATURE DOUBLE DOODLE
Dog,LILLY,LILLY,12,LABRADOR RETRIEVER
Dog,FURRDINAND,FURRDIE,10,POMERANIAN
Dog,MONSTER MAYHEM,DOODLE,8,DACHSHUND
Dog,WATSON,WATSON,6,LABRADOR RETRIEVER
Dog,SHINE,SHINE,12,HOUND MIX
Dog,FREENEY SCHNURPEL,FREENSTER,13,SHIH TZU
Dog,BELLA JEAN,BELLA,No longer with us :(,CHIHUAHUA/YORKIE MIX
Dog,RATCHET,RATCHIE,5,PUG/DACHSHUND
Dog,CLIFFORD,CLIFFORD,4,CLUMBER SPANIEL
Dog,GOOSE,GOOBY,1,RAT TERRIER MIX
Cat,CRICKET,"CRICKBY, CRINGUS, DON CRICKLES, ETC.",I think he's around 7 or 8,DOMESTIC LONGHAIR
Dog,MAGNUS,MUNCHKIN,7,CARIN TERRIER
Cat,BABY KITTY,BABY KITTY,7,KITTY CAT
Dog,SHILOH‚ÄôS DIXIE SKYE,DIXIE,8,MINI SCHNAUZER
Dog,BOOTSIE,BOOTSTOOTS,17,TRRRIER MIXED
Cat,BOWIE,KITTY BOY,8 months,TUXEDO CAT
Dog,MINDY,MINDY,10,BLACK LAB
Dog,SPOCK,SPOCK,7,MIX
Dog,MERLIN,MER-DOG,12,CHESAPEAKE BAY RETRIEVER
Dog,SYLVIA PLATH,SYLVIA,3,GERMAN SHORTHAIRED POINTER
Dog,SMOKEY NEYLAND,SMO,9,SCHNOODLE
Dog,RUFUS TEE HILDERBREC,RUFUS,11,SHIH TZU
Dog,BAILLIE,B OR B-DOG,7,BORDER COLLIE
Dog,SEBASTIAN,BASH,4 months,MALTIPOO
Cat,MIKA JOE,MIKA,9 years,SIAMESE
Dog,TESS,TESS,13,BORDER COLLIE CROSS
Dog,ZORRO,Z,8,LONG-HAIRED CHIHUAHUA
Dog,DEACON,DEAC,11,CHESAPEAKE BAY RETRIEVER
Cat,SIR CHARLES CHICKENHOCK CHAPLIN THE TELEPORTING DOT,CHARLIE,11,
Cat,ALLY,AL,4,CAT
Other,GANDALF,GANDALF,10,LIONHEAD
Cat,LUCAS ADAM WILKINS,LUKE,10,TABBY
Dog,ROBERT FERGUSON MOONEY,BOBBY,6,GOLDEN RETRIEVER
Dog,JAMES BUCHANAN BARNES,BUCKY,2,
Dog,BUDDY BOY,BUDDY,16,COCKER SPANIEL
Cat,CLEO,DUMP,2,CAT
Dog,BELLE WATLING,BELLE,2,MALTESE
Dog,MAGLADON WAGLADON,MAGGIE,1,OLD ENGLISH SHEEPDOG
Dog,BELLA,BELLA,14,
Other,HALF PINT,HALF PINT,6,
Cat,LEAH SUJI WILKINS,THE SQUEAK AKA SQUEAKERFISH,10,TABBY
Dog,SOPHIE,SOPHIE,11,GOLDEN RETRIEVER
Cat,MITSY,MITSY,4,
Dog,STEWART LITTLE,STEWIE,16,POMERANIAN
Dog,SADIE,SADIE,11 months,GOLDEN RETRIEVER
Dog,ASHLEY WILKES,ASH,11,YORKIE POODLE
Other,DAISY THE COW,DAISY,3,
Dog,OLIVER JOSPEH ANDREW,OLIVER,11-12 (deceased),GOLDEN MIX
Dog,RHETT,RHETTERS,12,ENGLISH SPRINGER SPANIEL
Cat,EMMA MAY WILKINS,EMMA,4,TORTIE
Cat,HASHTAG ANAMARA MAINECOON,HASHTAG,Six,MAINE COON
Other,CAROLINE GRAVEL,GRAVEL,2,BETTA FISH
Dog,LILY,LIL,5 years,GOLDEN RETRIEVER
Cat,ARTHUR FONZARELLI,FONZIE,12,PART MAINE COON
Cat,VRISKA SERKET,VRISKA,8,DOMESTIC SHORT HAIR
Cat,FABIO,FABIO,3,
Dog,COOKIE,COOKIEMONSTER,8,SHIHTZU
Dog,BRUTUS,BRUTUS,10,GREAT WHITE PYRENEES/YELLOW LAB
Dog,RALPH,RALPH,4 months,GOLDEN RETRIEVER
Dog,KURT,KURTIS,2,BLACK MOUTH CUR
Dog,LYRA CRISTINA,LYRA,9 mos,MIXED BREED
Dog,BAILEY BEAR,BAY GIRL,6,LAB AND GERMAN SHEPHERD MIX
Dog,BROOKLYN,BROOKLYN,Two,BEAGLE
Cat,ISABELLE,IZZY,11,TORTOISE SHELL
Dog,CHAMPION CRAIG,CHAMP,14,BEAGLE MIX
Cat,KELLY,KELLY,She died at age 13 in 2005 :(,
Dog,LENNOX,LENNY,4,SHIHTZU
Dog,SULLIVAN OTIS,SULLEY,10,CATAHOULA LEOPARD
Cat,OREO VANILLA COOKIE,NENE,11,
Cat,CHESSIE,CHESS,12 years,SIAMESE
Dog,HANK,HANKY PANKY,1,BLACK MOUTH CUR
Dog,ALLIE NICHOLS,ALLIE,5,MUTT
Dog,LILA,LILA,5,NEWFOUNDLAND
Cat,BUBBLES,BUBS,11 years,CHARTREUX
Dog,LIBERTY LOUISE,LIBBY,9,ENGLISH SPRINGER SPANIEL
Cat,SUSHI CHARRITO,SUSH,2 years,TUXEDO CAT
Cat,MOUSE,MOUSEPOTATO,3,
Cat,KATE,KATIE,19,TORTIE/TORTISHELL
Dog,JIMMY,JIMMYJAMSUNSHINEMAN,5,SHIHTZU
Dog,ROCKY,ROCKO,9,ROTTWEILER
Dog,SHELDON MICHAEL,SHEL,7,WESTIN/MIN PIN
Dog,JACKSON,PUPPER,3,AUSTRALIAN BLUE CATTLE DOG
Cat,MIDNIGHT,KEEK,19,AMERICAN SHORTHAIR
Dog,MAXWELL AMOS,MAX,10,CATAHOULA LEOPARD
Cat,ANGELINA,WHITEY,5,
Dog,MARGARET LEWIS,MAGGIE,11,MUTT
Dog,GINGER,GEEPER CREEPER,10,GOLDEN MIX
Other,JOHANNES VENEREAL VERSMEAR,VENNY,2 weeks,
Dog,GATOR,TATE,8,ROTTWEILER/IRISH SETTER
Dog,BADGER,BADGER,12,DACHSHUND
Dog,BEAUREGARD,BEAU,22 yesrs,GOLDEN RETRIEVER
Dog,BUFFY,BUFFY AND/OR BUFFALO,8,BEAGLE/JACK RUSSELL/COW
Dog,DUQUE,DUQUE,1,MIXES
Dog,MIKA,MIKA,5,HUSKY
Dog,SCARLETT,LITTLE GIRL,8,BOARDER COLLIE
Dog,MACY,MACY,11,GOLDEN RETRIEVER MIX
Dog,GROMIT WALKER,GROMIT,8,GOLDEN RETRIEVER
Cat,MS. KITTY,MS. KITTY,16,
Dog,GRACIE LOU FREEBUSH,GRACIE,9,BLACK LAB/ANGEL
Dog,RIVER,RIVER,14 weeks,HUSKY
Other,LEO,LEHOE,1,
Dog,OLAF,OLAF,4,CHIHUAHUA
Dog,BUTTONS,BUTTONS (SOMETIMES WITH A FRENCH ACCENT),2,BEAGLE
Dog,STEVIE JAMES,STEVE,9,MALTIPOO
Dog,MILA,CRUSTY,14,ROTTWEILER MIX
Dog,MURPHY,MURPH,5 yesrs,GOLDEN RETRIEVER
Cat,TIGER,TIGGY,5,
Cat,EDNA LOU,BREADNA,5,
Cat,PRINCESS PURDY,PURDY,11,DOMESTIC LONG HAIR
Cat,SQUIDWARD,SQUID,1,DOMESTIC SHORTHAIR
Dog,OSCAR THE AMAZING VELCRODOG,OSCAR,12,TERRIER MIX
Dog,POPPY,POPPY,4,SHIH TZU
Cat,DAISY DUKERSON,DAISY,5,
Cat,TIGGER,TIGGER,17,TABBY
Cat,BUBBLES,BUBBY,6,
Cat,PRINCE CHARLIE,CHARLIE,11,DOMESTIC LONG HAIR
Dog,ELLIE MAE,ELLIE,13,COCKER SPANIEL
Dog,SNOWY,SNOW,11,SHIH TZU
Dog,BRUNO,BRUNO,4,BORDER COLLIE
Cat,TWITCH,TWITCH,11,DOMESTIC SHORTHAIR
Other,MONA,MONA,Died at 12 in 2002,BLUETICK BEAGLE
Cat,HARLEY DAVIDSON,HAR MAR,9,
Cat,TED KENNEDY,TEDDY,1,DOMESTIC SHORTHAIR
Dog,YAZ,YAZZY,11,GOLDEN RETRIEVER/BORDER COLLIE
Dog,PRINCESS LEIA ORGANA,PRINCESS,Deceased,MUTT
Dog,OAKLEY,"OAK, OAKEY-DOKE",3,SHIH TZU
Dog,TINKERBELL,TINKY,4,CHIHUAHUA
Cat,BELLA,BELLA,4,MAINE COON MIX
Cat,FUP,FUP,10,N/A
Dog,BECKETT,BECKETT OR BECKY,9,GOLDEN RETRIEVER
Cat,FUDGE,FUBDGE,3,GINGER
Cat,LADY LUCK,LUCKY,11,DOMESTIC SHORTHAIR
Cat,MOOSE,MOOSE,4,MAINE COON MIX
Dog,LOGAN,LOGAN,10,BLACK LAB
Dog,DAISY GRACE,DAISY,8,MIX
Cat,LEELA,THE CAT,10,DOMESTIC SHORT HAIR
Cat,ELLIE,ELLIE-PHANT,9,CALICO
Cat,HER ROYAL HIGHNESS THE PRINCESS BLAZE,BLAZE,9,DOMESTIC SHORTHAIR
Cat,PHILLIPE ROBERT JEAN LUC TUGBOAT ‚ÄúTOOT! TOOT!‚Äù,PHILLIPE,4,MANX CAT
Cat,ALEXANDER DAPPERCAT,ALEX,9,DOMESTIC SHORTHAIR
Dog,LILA BETTERHALF,LILA,13,GREYHOUND
Cat,DARLING,BABY GIRL,14,MANX CAT
Cat,SMOKEY,MR MOKE,12,BRITISH SHORT-HAIR
Cat,JEZEBEL,JEZ,14,HIMALAYAN
Dog,TULA JEAN,TULA,1,
Cat,EDISON D. CAT,EDDIE,9,DOMESTIC SHORTHAIR
Cat,REDFORD,RASA,12,
Dog,ODIN,ODIN,1,MIX
Dog,ANNIE PIKER,ANNIE,8,GREYHOUND
Dog,RUSTY,RUSTY,4,GOLDEN RETRIEVER
Cat,THOMAS,TOM OLD MAN,18,DOMESTIC SHORTHAIR
Cat,FLECKCHEN,MONSTER,7,EUROPEAN SHORTHAIR
Dog,STELLA LUNA,STELLA,4,LAB MIX
Cat,FAY FULLER,FAY,14 weeks,
Dog,PANCHO VILLA,PACHO,12,PUG
Dog,WALDO,WALDO,9,COCKAPOO
Other,,,,
Cat,LUNA,KUSCHELMAUS,8,EUROPEAN SHORTHAIR
Dog,YADIER,YADI,4,GOLDEN RETRIEVER
Other,DJ ROOMBA,DJ ROOMBA,,
Dog,RUBY GEM,RUBY,4,TERRIER MIX
Dog,BUDDYGUS,BUDDY OR BOO,20 months,GOLDEN RETRIEVER
Dog,HOMER,HOMIE,5,SPRINGER SPANIEL
Dog,PIPPIE,PIPPIE OR PIPPO,2,PIT BULL/ BASSETT HOUND MIX
Dog,PARKER,,6,BEAGLE
Dog,CHIPPER DOODLE,CHIP,12,CHOCOLATE LAB
Dog,JACK,JACK,7,LABRADOR RETRIEVER
Dog,"XENA, WARRIOR PINSCHER",XENA,14,MINIATURE PINSCHER
Dog,GABBY,GABBY,2,GOLDEN RETRIEVER
Dog,ROSEBUD,ROSIE,10,BEAGLE
Dog,COOPER,COOPEE,10,YORKIEPOO
Dog,SHAKOTA,SHAKOTA,12,SIBERIAN HUSKY
Dog,WILBUR,WILBY,7,FRENCH/ENGLISH BULLDOG
Dog,FINN T. DOG,FINN,5 months,WEIMARANER
Cat,WILMA,WILMA JEAN THE QUEEN,2,ORANGE TABBY
Dog,BAYLEE,"BAYLEE BOO, TAPS",2,
Dog,SPROCKET,"BARK, SPROCK, SPARK",15,"MUTT (RESCUE, SOME GOLDEN RETRIEVER, SOME JACK RUSSELL, SOME WHIPPET)"
Cat,PEPPERCORN ALE,PEPPER,14,
Cat,STANLEY,STAN THE HANDSOME MAN,1,ORANGE TABBY
Bird,AHANU,AHANU,13,CAIQUE
Dog,SOPHIE,SOPHIE,13,MALTESE MIX
Dog,SASHA,CHUNK,1,LAB/SHEPHERD
Bird,PERKINS THE PARAKEER,PERKINS,3,PARAKEET
Dog,KOOKIE (PRONOUNCED COOKIE) PANTS,NOODLE,15,JACK RUSSELL TERRIER
Dog,MISS MAISY CAKES,MAISY,1,RESCUE MUTT
Dog,HAN SOLO,SOLO,3,ENGLISH COCKER SPANIEL
Dog,LILLITH ANNE,LILY,6,ALASKAN HUSKY
Dog,MICHELANGELO,MIKEY,11,ENGLISH COCKER SPANIEL
Dog,FREDDIE BEAGLE,FRED OR FREDDIE,11,BEAGLE
Dog,PIEPER,POOPER,4,
Other,TOILET MIMOSA GILLAN,TOGIMI,6 months,BETTA FISH
Dog,JACOB,JAKE,6,ALASKAN HUSKY
Other,DRAZIL MARIE,DRAZIL,4,BEARDED DRAGON LIZARD
Dog,TITUS AUGUSTUS,TIDY,9,AMERICAN FOXHOUND
Dog,,CIRRUS,2,POODLE
Dog,SHELBY,SHELBY,14,LABRADOR RETRIEVER
Dog,,NIMBUS,0.5,POODLE
Dog,FINN,FINN,1,CAVALIER KING CHARLES SPANIEL
Cat,KITTEN KITTEN KITTYCAT,KITTY,14,AMERICAN LONGHAIR
Dog,TESSIE JOAN (OF ARC),TESSIE,7,AMERICAN FOXHOUND
Dog,GINGER,GINGER,12,GOLDEN RETRIEVER
Dog,SADIE,SADIE,6,GOLDEN RETRIEVER
Dog,FLICKA,FLICKY,12,LABRADOR RETRIEVER
Dog,KODA KINGSLAYER,KODA,2,GOLDEN RETRIEVER
Dog,FLICKA,FLICKY,12,LABRADOR RETRIEVER
Dog,MAGGIE,MS AMERICA,7,GOLDEN RETRIEVER
Dog,HENRY (AFTER DORIAN GREY),HENRY,1,BRITTANY
Dog,MEGAN,PUPPY,10,MUTT
Cat,DANTE‚ÄôS INFURNO,DANTE,7,MAINE COON
Cat,GATSBY,GATSBY,10 mos,"STRAY, BLACK"
Cat,TYRONE,TYRONE,6 mo,
Dog,HOPPER T. DOG,HOPS,6,GOLDEN RETRIEVER
Dog,SNICKERS,SNICKERS,10,BEAGLE MIX
Cat,TOMMY TOE,TOMMY,3,
Cat,WHEELS,WHEELS,16,
Dog,VENKMAN,VENK,5,GOLDEN RETREIVER
Cat,MAISIE,MAISIE,10 mos,"STRAY, BLACK"
Dog,MURPHY,MURPH,0.5,COCKER SPANIEL
Dog,MAGGIE,SCHMIEG,12,GOLDEN RETRIEVER
Cat,LIN MEOW MIRANDA,LIN,3,AMERICAN SHORTHAIR
Dog,JASMINE,JASMINE,13,GOLDEN RETRIEVER
Dog,HURLEY PEARLY SKY-SKY,HURLEY,7,SHIH TZU
Dog,QUESO,QUESO,14,GOLDEN RETRIEVER
Dog,BREEZY ANNE,BREEZY,5,GERMAN SHEPARD
Dog,RILEY,RILEY,7,GOLDEN RETRIEVER
Other,FISHY FISHY FISHY III,FISHY,9 months,SIAMESE FIGHTING FISH (BETA)
Dog,HOMER J,HOMER,10,BASENJI MIX
Dog,TUCKER,TUCKER,7,GOLDEN RETRIEVER
Cat,KITTY VEGAS,VEGAS,6,DOMESTIC LONGHAIR
Dog,ABBY,ABBY,3ish,PIT BULL/LAB/BEAGLE/CHIHUAHUA MIX/GENERAL MUTT
Dog,COOPER TRIPLE BOGEY,COOP,9 weeks,GOLDEN RETRIEVER
Dog,SHELBY,SHELBY,1,BLUE TICK COONHOUND/MOUNTAIN CUR
Cat,DR GAIUS BALTAR,GUSGUS,10 years,RUSSIAN BLUE
Dog,OAKLEY DALTON,OAKS,6,
Dog,LUCY LOU,GOOSE,9,GOLDEN RETRIEVER
Cat,APRIL,APRIL,14,
Cat,VASQUEZ,VASQUEZ,7 (?-picked up as a stray),DOMESTIC SHORTHAIR-TORTOISE
Dog,NILES CRANE,NILES,4,BORDER COLLIE
Dog,LITTLE LUCKY ONE,LUCKY,13,CHIHUAHUA
Dog,BENJAMIN SEBASTIAN,BENJAMIN,7,COLLIE BASSET HOUND MIX.
Dog,SIRIS MAXIMUS,SIRIUS,5,ALASKAN HUSKY
Dog,BLAZE,BLAZE,5,LABRADOR RETRIEVER
Dog,BRODY,BRODY,11,YORKSHIRE TERRIER MIX
Cat,RIPLEY,CHUBBY CHUBS,4,DOMESTIC SHORTHAIR
Dog,DIRECTOR OF CHAOS,D.O.C.,4,BOXER
Cat,JOSH JOSHUA JOSHYLIN,JOSH,6,TUXEDO CAT
Cat,LISA,LISA,Died in 2008 at 12,
Dog,CODY,CODES,11,GOLDEN RETRIEVER
Cat,NEPETA,NEPETA,2,SHORT HAIRED
Dog,EMMA,ROTTA,6,MITTELSPITZ
Cat,LEELOO DALLAS MULTIPASS,LEELOO,9,LAPERM
Dog,ISABELLA GRACE,BELLA,7,MALTESE
Dog,COOKIE BOOGIE,BOOGIE,3,
Cat,CATARIA,TARIE,2,
Dog,SALINA,SALINA,2,HOUND MIX
Dog,THEODORE JAMES,THEO,5,MALTESE
Dog,OFELIA,OFIE LOFIE,15,NORWICH TERRIER
Dog,HERMIE,HERMIE,3-4 years,CHOCOLATE LAB/PIT MIX
Other,TURTLE,TURTLE,5,
Dog,JACKSON BAINES HARDIN,"JACKSON, JACK",14,SHEPHERD MIX (RESCUE)
Cat,TALI'ZORAH VAS NORMANDY,TALI,9,LAPERM
Dog,RUDY,RUDY,12,BLACK LAB
Other,TEDDY,TEDDY,3,
Dog,CHUCHI,BABY CHU,9,TOY POODLE
Dog,BELLE SILVER,BOBO,3,BRITTANY
Other,FISH,SWISH,7,
Other,PHOEBE BUFFAY,PHOEB,4-5 years,STAFFORDSHIRE TERRIER
Dog,PRECIOUS PRESLEY,PRESLEY,1,LAB MIX
Cat,BOOTS,FUCKOFF,10,BLACK CAT WITH WHITE FEET
Dog,SARAH JESSICA PARKER,PARKER,8,BEAGLE
Dog,PRINCESS LEAH,LEAH,8,MINIATURE SCHNAUZER
Cat,ZEUS,ZEUS,2,
Dog,MR DUKE OF CAROL STREAM,BOO-BOO,10,LABRADOR RETRIEVER
Dog,BRUNO MARS,BRUNO,4,SHIHTZU
Cat,PERSEPHONE,PERSEY,2,
Dog,REGGIE,REG,8,BORDER COLLIE
Cat,MOMO,MOMO,9,DOMESTIC SHORT HAIR
Dog,TWIXIE,GOOBEN,2,
Dog,KODY,KODE,10,GOLDEN RETRIEVER
Dog,MAVERICK CLINTON,MAVERICK,10,LABRADOR RETRIEVER
Cat,ABBEY ROAD,ABBEY,3,DOMESTIC LONGHAIR
Cat,NAGA,NAGA,6,DOMESTIC SHORT HAIR
Dog,SVEN,BEAN,5,GERMAN SHEPHERD
Dog,LOLA,LOLA,11,POODLE MIX
Dog,SOPHIE,SOPHIE,2 years,ROTTWEILER
Cat,STINKY PETE,PETE AND/OR STINKY,18,JUST A REGULAR CAT
Cat,GOZER,GOZEY,12,BLACK CAT
Dog,LILY POTTER,LIL,2,GERMAN SHEPHERD
Dog,DOUGIE MCFLY,DOUGIE,11,CAIRN TERRIER
Dog,RILEYROO,RILEY,2,MUTT
Dog,DOBBY,BOOBER,4,PEMBROKE WELSH CORGI
Cat,SIR EDWARD JULIUS ROBERT KITTYBUTT III,EDDIE,16,TIGER CAT
Other,CHU-CHU,CHU-CHU,I think they were 11 when they passed,RANCHU
Dog,LANDO,LANDO,5,BERNESE MOUNTAIN DOG
Dog,TUCKER PAUL,TUCK TUCK,6,PITBULL
Dog,SCHNITZEL VON KRUMM,NINNEL,11,MINIATURE DACHSHUND
Dog,WRIGLEY,WRIGLRY PIGLEY,13,BEAGLE
Dog,WALLY,WAL,4 months,GOLDEN RETRIEVER
Dog,SNICKERS,DOODLE,11,BEAGLE
Dog,CHARLIE,CHARLIE,9,COCKAPOO
Dog,PEPPER,PEP,9.5 months,COCKER SPANIEL
Dog,BROWNIE,BROWNIE,13,BEAGLE
Cat,MAOW,KITKAT,14,
Dog,ECHO,BECK,3,CORGI MIX
Dog,BANKY,BANKY,10,BASSET HOUND
Dog,KODA,KODA,6,CHIHUAHUA
Dog,CLIFFORD,CLIFF,6,LABRADOR MIX
Dog,COCO,COCO BEAR,7,MORKIE (MALTESE/YORKIE)
Dog,CHARLIE,CHARLIE,8,PITBULL
Dog,MOJO,MOJ,5,CHIWEENIE
Other,WIZARDING WONDER,WIZWO,12,SHIRE X TB
Dog,HANK,HANK,2,BOXER MIX
Other,THUNDERHAWK,THUNDER,21,SPANISH MUSTANG
Dog,SEBASTIAN,FRITZ,15,ITALIAN GREYHOUND AND JACK RUSSELL
Other,CIELO,PIGLET,4,
Cat,BEBOP VINCENT,BEEBS,5,DOMESTIC SHORT HAIR
Other,THALIA,THALIA,4,
Other,MORGANNA LA FEY,MORGANNA,15,
Cat,MAJA,MAJA,14,GREY
Dog,HANK,HANKY,2,YELLOW LAB
Dog,ELLA,ELLS BELLS,14.5,COCKER SPANIEL
Dog,FRAPPUCCINO,FRAPPIE,7,LABRADOODLE
Other,TEXAS PONY SMOKE,MONSTER,2,
Dog,GRACIE,GRACE,12,SHITZ ZU
Other,KHAN,KHAN,3,SPANISH MUSTANG
Dog,PHOEBE,PHOEBE,2,GOLDENDOODLE
Dog,UMA STRAWN MCGUIRE,UMA,4,GOLDEN MIX
Dog,BUSTER,BOOP SQUARED,13ish,TERRIERIST
Other,RENO,RENO,,
Cat,SKETCHY MISSOURI,SKETCHY,12,TORTOISESHELL
Dog,EVA MARIE,EVA,3,CHIHUAHUA
Other,BOOGIEMAN,BOOGIE,5,
Dog,MIA HAMM,MIA,11,GOLDEN RETRIEVER
Cat,CHARLIE,CHARILE,18,TABBY
Dog,ALIA ATREIDES,ALLIE,5,MUTT
Other,LEGACY,LEGACY,15,
Other,MAMBO NO. 5,MAMBO,2,SPANISH MUSTANG
Cat,ZOEY,ZOE,4,
Dog,LEXIE,LEX,10months,GOLDEN RETRIEVER
Other,MATO MA‚ÄôHU‚ÄôI,MATO,2,
Dog,BERNARD,BERNARD,5,BOXER
Other,STARFLOWER‚ÄôS JEZEBEL,JEZEBEL,4,SPANISH MUSTANG
Cat,JENNA NICOLE RHEA LOPEZ HORN,JENNA JENNA,8,
Dog,MYLES - HIS ROMAN NAME IS SQUIRTACUS MYLONIUS,MYLES,10,COCKAPOO
Other,DIAMOND LILY,LILY,7,
Dog,MILLIE,MILLIE,9.5,SHEPHERD MIX
Other,GYPSY ROSE LEE,GYPSY,6,
Other,BUTTERS,BUTTERS,1 week,GOLDFISH
Dog,BODHI,BO,6,GOLDEN RETRIEVER
Dog,MOOCH,MOOCH,9,TERRIER MIX
Dog,PIPER,PIPES,4,WOODLE (WHEATON TERRIER/POODLE)
Cat,RAMONA,RAMONA,12,
Dog,CHARLES,CHARLIE,10,CORGI
Other,MORNING GLORY,GLORY,,
Dog,WILLOW,WILLOW,3,SHEEPADOODLE
Other,MORNING MIST,MISTY,,
Dog,GLAMIS SCHEDULE K1,KONA,5,GOLDEN RETRIEVER
Dog,BANDIT RAYE,BANDI,12,FARM DOG
Other,SYNDICATED COPPER,COPPER,,
Cat,CLEO,CLEO,13,DSH
Cat,SEBASTIAN NINJA NUTJOB,SEBASTIAN,11,DOMESTIC SHORTHAIR
Dog,ANDERSON,ANDY,12,LAB MIX RESCUE
Dog,MARS HARAMBE,PICKLE,3,CATAHOULA MIX (MAYBE? DON‚ÄôT REALLY KNOW)
Other,"BUTLER, YOU GLORIOUS VACUUMING BASTARD",BUTLER,1,IROBOT
Dog,CLAUDIO ATLAS WOLFRIC,CLAUDIO,8,DACHSHUND
Other,FLUFY,FLUFY,10,LIONHEAD
Dog,LAWSON H DOG,HOGAN,16,BRIARD
Cat,SMUDGE THE SECOND,DEUCE,4,HIMALAYAN
Dog,TUCKER,"TUCKER, DUDE, BUD",1,BULLY MIX
Cat,ECHO,ECHO,18,
Dog,AMES,AMES,5,HUSKY
Dog,FRANC,FRANC,4 months,MASTIFF CROSS
Cat,WINNIE,WINNIE,4 months,
Cat,TIGGY,,4 months,
Dog,OLIVER JACKSON,OLIVER/BABY/LITTLE MAN,5 1/2 years,MORKIE
Dog,DOLLY DOODLE DOGGER,DOLLY,6,LABRADOODLE
Cat,ANN PERKINS,ANN,0.5,MIXED
Dog,CASSIE,CASSIE,5,MIX
Cat,KISA MARIE,KISA,6,
Dog,LOGAN,LOGAN BROGRAN,Two,RHODESIAN RIDGEBACK
Dog,BASIL,BASIL,7,LAB/GERMAN SHEPARD MIX
Dog,MARBLE,MARBLE,5,PLOTT/COONHOUND MIX
Dog,HOLLIE,HOLLIE,14,WESTIE
Dog,CASH MONEY,CASHIE,2,LABRADOR RETRIEVER
Dog,SEAMUS,SHAMIE BAMEEE,11,RHODESIAN RIDGEBACK
Cat,WILLIAM ROBERT,BILLY,3,
Dog,NASH,NASH,2,LABRADOR RETRIEVER
Cat,SPOONS,SPOONS,3,CALICO
Cat,ARIZONA,ARIZONA,7,DOMESTIC SHORTHAIR/ORANGE TABBY
Dog,SIAN BEN RYAN,SIAN OR SISI,14,WESTIE
Dog,BEAR 2,BEAR,7.5,RETRIEVER MIX
Cat,BANJO,BANJ,3,DSH
Other,FOSSEDINI HERALDO MACDUFF,FOSSE,10,
Cat,PRINCESS MELANIE,MELANIE,5,DOMESTIC LONGHAIR
Cat,TIFFANY MARIE,TIFFANY,13,DSH
Dog,CHARLES BARRATH MCINTYRE,BARRY,6,BASSETT HOUND
Dog,MARGEURITE LARIOUX GONZALES,MAGGIE,6,CHIHUAHUA-LAB
Dog,RUSTY,RUSTY,2,FOX RED LAB
Dog,STARFIRE,STAR,15,MALTESE POODLE
Dog,NOVA,NOVA,3-Feb,"MIXED BREED (POMERANIAN, PAPILLON, CHIHUAHUA, CAVALIER)"
Dog,DINTY,THE DINT,5ish,TERRIER MIX
Cat,HAMILTON,HAMMY BITS,3,
Dog,KADIE JO,KADIE JO,6,LABRADOR RETRIEVER
Cat,INCANDENZA,INK,3ish,
Cat,FITZGERALD,FITZ,8,DOMESTIC SHORTHAIR
Cat,ZELDA,ZELDA,8,DOMESTIC SHORTHAIR
Dog,DAISY DUKE,DAISY,4,SIBERIAN HUSKY/BRITTANY SPANIEL CROSS
Other,STEWIE,STEWIE,2,
Dog,SUNNY SUNDAY SKY,SUNNY,15.5 years,BEAGLE
Other,FRANCISCO,CISCO,2,
Other,DREAM ON CHIP,DIVA,15,APPALOOSA
Dog,BAILEY,BAILEY,3,BORDER COLLIE MIX
Other,TUNDRA,TUNDRA,12,"MIXED BREED (APPALOOSA, PAINT, TENNESSEE WALKER)"
Dog,BOSCO SPAGHETTIO,BOSCO,9,BORDER COLLIE MIX
Cat,AGNES MARIE,AGGIE TURD,2,
Dog,TANSEI,DUFFUS,7,SHIBA INU
Cat,EDITH,EDUF MONSTER,1,
Cat,MINI,MIMI,13,TUXEDO
Cat,THEODORE,TED,4,PERSIAN
Dog,MOLLY,MOLLY,16,GOLDEN RETRIEVER
Dog,DUKE DUKINGTON,DUKA,3,CHIHUAHUA MIX
Cat,OLIVER NEWTON,OLLIE,4,MAINE COON
Dog,PRINCE PHILLIP THE 2ND,"PHILLIP, DADDY-O",12,WEST HIGHLAND WHITE TERRIER
Cat,STARLA,STARLA,4,DOMESTIC SHORTHAIR
Dog,PETEY,PETEY POOPOO HEAD,11,WEST HIGHLAND WHITE TERRIER
Dog,PRESIDENT NIXON,NIXY,8,MIXED BREED (LOOKS VERY HOUND-Y)
Dog,DAISY DOODLE FAT KID WITH BUTT SPOTS,DAISY,4,HOUND X
Dog,BENRY OF WILLOWBROOK,BENRY,8,GOLDEN RETRIEVER
Dog,QODA,QODA,2.5,GOLDEN RETRIEVER
Dog,ZIGGY STARSOG,ZIG,1.5,HOUND X
Dog,SAMUEL LABRADOR,SAM,13,LABRADOR
Other,PRINCESS CONSUELA BANANA HAMMOCK,BANANA,Deceased,
Dog,BENTLEY BOY,BENTLEY,13,SHI-TZU/BICHON
Dog,TACO BELLE,TACO,,TACO
Dog,PLUTO,PLUTO,Deceased,GOLDEN RETRIEVER
Other,SCOOTER COMPUTER,SCOOTER,2,
Dog,TOBY,TOBY,6,BEAGLE MIX
Dog,HARLEE,HARLEE,3,ANATOLIAN SHEPHERD
Dog,NESSA,NESSA,1,GOLDEN RETRIEVER
Dog,BISCUIT BANDIT,BANDIT,3,LABRADOR
Cat,SOPHIE,FUZZBUTT,2,
Dog,THE REAL SLIM SADIE,SADIE,1.5,GOLDEN RETRIEVER
Dog,QUINCY SUGARPLUM,QUINCY,3,GOLDEN RETRIEVER
Dog,SKIPPER DOO,SKIP,4,YORKIE
Dog,SAM RUFFALO,SAM,6,GOLDEN RETRIEVER/LAB MIX
Dog,BRUTUS BUCKEYE,BRUTUS,Just passed away at age 11,GOLDEN RETRIEVER
Dog,CRESPO,CRESPO OR BABY üòÇ,12,SHIHTZU AND MIXED
Dog,ROSSIGNOL,ROZZIE,Deceased,SIBERIAN HUSKY
Other,PEACHES,PEACHES,3,
Dog,PEPPER,PEPPER,4,MIX
Dog,AMAYA,MAYA,6,SIBERIAN HUSKY
Cat,ELOISE,ELLIE,10,
Cat,OLIVE,OLLIE,4,
Cat,KIKI BUNTAIN,KIKI,18ish,MUTT
Dog,TIGER,TIGER,12,
Dog,BONNIE,BONNIE,8,WESTIE
Dog,ABBY,ABBY,11,CAVALIER KING CHARLES SPANIEL
Other,GOMEZ,GOMIE,10,HIGH YELLOW LEOPARD GECKO
Dog,COOPER,COOP,7,LABRADOR
Dog,CHASE,CHASE,3,HUSKY MIX
Other,STEVE HAMMOND,STEVE,4 months,RUSSIAN CAMPBELL
Dog,RILEY JENKINS,RILEY,18 months,GOLDEN RETRIEVER
Dog,MONTGOMERY T DOG,"MONTY, MONKEY, MONKEYRUNK,",2,DALMATIAN LABRADOR CROSS
Dog,NANA ROO,NANA,5,GERMAN SHEPHERD
Cat,ELLA GREY,ELLA,7,
Dog,CALLIE,CAL GAL (THE GOLDEN),3,GOLDEN RETRIEVER
Dog,ROCCO NORBERT,ROCCO,10,GOLDEN RETRIEVER / CHOW
Dog,JACK,JACK,3,TERRIER SOMETHING OR OTHER
Dog,TED,TED,6 months,WELSH TERRIER
Other,DESIREE,DESIREE,11,ROSY BOA
Dog,JAIDA LYNN,JAIDA,12,BLACK LAB / TERRIER
Other,GAIA,GAIA,10,DUMERIL‚ÄôS BOA
Dog,DAISY LULU,DAISY,9,TOY POODLE
Cat,PHILLIP,PHILLIP,16+,YELLOW BUDDY TABBY?
Cat,SUNNI,SUNNI,10,BIRMAN
Cat,NYMERIA,NYM,5,DMH
Cat,SCARLETT,SCAR,about 8 or 9,N/A
Cat,INK,INK,6mo,DMH
Cat,DREW,DREWBEANS,7,
Dog,TITUS,TITUS,7,LAB
Cat,MIDNA,MIDNA,8,DSH
Dog,COOKIE ASPARAGUS,COOKIE,11,CHIHUAHUA JACK RUSSELL TERRIER
Dog,TESSA LEIGH,TESSA,11,LABRADOODLE (MOM IS YELLOW LAB DAD IS POODLE)
Dog,ALI,ALI,5,GREYHOUND
Dog,DAISY,DAISY/DANDELION,4,LAB MIX
Dog,LUCKY,LUCK LUCK,5,LAB
Cat,REX,REX,7,MAINE COON
Dog,HARPER JEAN,HARPER JEAN,1.5,GERMAN SHEPARD MIX
Cat,MAVERICK,MAVERICK,2,
Other,RORK,RORK,2,
Cat,TINA FAY,TINA,6,
Cat,SOPHIE,SOPHIE,4,DSH
Other,MAX-WELL,MAX,Six,GOLDEN RETRIEVER
Dog,MICA,MICA,6,LAB MIX
Cat,PATCHES,PATCHES,10,TUXEDO CAT
Cat,ASCH,ASCH,4,DSH
Other,YURI,YURI,1,RAT
Other,RAVIO,RAVIO,1,RAT
Dog,SYLVESTER BALBOA,SLY,6,GOLDEN RETRIEVER
Dog,MIA ROO,MIA,11,AUSTRALIAN SHEPPARD
Other,MELODY,MELODY,1,WINTER WHITE HAMSTER
Dog,CASPER TIBERUS,CASP,4,MIXED
Dog,CHUMMY,CHUMBLES,5,LABRADOODLE
Dog,LUNA BEAN,LUNA,7,ITALIAN GREYHOUND X CHIHUAHUA
Other,BROWN GERBIL,BROWN GERB,2,GERBIL
Cat,GABBY COMACHO,CHO CHO,16,DOMESTIC SHORTHAIR
Other,WHITE GERBIL,WHITE GERB,2,GERBIL
Dog,SOFIE TOOTER SCOOTER,SOFIE,7,CHIHUAHUA
Dog,MOJO,MOJO,5,LABRADOODLE
Dog,GRACE,GRACE,1 year,MIX
Cat,MISHA,MISHA,8,TABBY
Dog,FRANKIE,FRANKIE,1,MIX
Other,DOLLAR DOLLAR BILLS Y'ALL,BILL,2,GUINEA PIG
Dog,OSA,OSA,9,AKITA HUSKY MIX
Dog,DIXIE,DIXIE,12 or 13,PITBULL MIX
Cat,BARNABAS,BUCKY,11 months,MIX
Dog,NINA,NINA,7,WEST HIGHLAND TERRIER
Cat,BITSY,BITSY,15,DOMESTIC SHORTHAIR
Dog,RACHEL,RACHEL,8,SCHNAUZER
Dog,PIPER,PIPER,9,LABRADOR RETRIEVER (CHOCOLATE)
Dog,BELLA,BELLY,10,YORKIE
Dog,QUEEN KHALEESI,QUEENIE,12,MOUNTAIN DOG MIX
Cat,PUMPKIN,PUMPKIN,6,
Dog,BRIDGET,"BRIDGY, POOKIE BRIDGE",15,MUTT
Dog,BODACIOUS,BODIE,14,LABRADOR RETRIEVER
Dog,MAMA ROSE,ROSIE,7,PIT BULL
Dog,AUGUSTUS,GUS,Almost 8,GOLDEN RETRIEVER
Cat,SUNSHINE,SUNSHINE,7,TIGER STRIPE (ORANGE)
Dog,TATER,TATER,3 months,LABRADOR & GREAT PIERANEESE
Cat,MILLICENT,MILLIE,6,
Other,GUSTAVUS ERICIUS HEDGEHOG OF THE NORTH,GUS,1.5 years,
Dog,BEVERLY ANN,BEVERLANA,13,GOLDEN RETRIEVER
Dog,CORA SMALLS,CORA,~3,HAVANESE
Dog,JASPER,JASPER,16,DALMATION/BEAGLE
Cat,DUST,DUST,1,
Dog,CALEB,CALIBER,1.5,BLUE TICK COON HOUND
Dog,TONKA,"TONKS, TONKERS, SIR TAIL",8,NEWFOUNDLAND
Bird,SPIKE,SPIKER-DOODLE,13,COCKATIEL
Cat,ASH,ASHY BOY,9,
Cat,BLOSSOM,MOOSE,6 years old,BRITISH LONG HAIR
Cat,VIOLET,VIOLET,14,SHORTHAIR
Cat,THOR,THOR,4,
Dog,HANK,BABY,2,BOXER
Dog,BRANDY,PUDDIN,5,LAB/PITBULL MIX
Cat,LILY,LILLIBUTT,11,SHORTHAIR
Dog,SIR SQUEAKSALOT THE SECOND,TWOIE,9,CHINESE CRESTED POWDER OUFF
Cat,BUDDY,BUDDY BOI,4,SHORTHAIR
Dog,COLBY JACK,JACK,5,GERMAN SHEPHERD
Dog,COOPER,COOP,6 weeks (is coming home in 2 weeks!),LABRADOODLE
Dog,MURPHY,MURPH,1,GOLDENDOODLE
Dog,PHINEAS,,7,IRISH SOFT-COATED WHEATEN TERRIER
Dog,PEACH,PEACH,2,MIXED
Dog,MOOSE ALEXANDER,MOOSE,8 months,MALTIPOO
Cat,ELIZA GOOSE,ELIZA,2,GREY
Other,NIBBLES,NIBSEY,5,SHORT HAIR
Cat,CHICHI,CHICHI,9,TABBY
Cat,ISABELLA,IZZY,4,
Dog,RUBY,RUEBS,6,RHODESIAN RIDGEBACK
Dog,RUBY,RUBY,4,LABRADOR RETRIEVER
Dog,MIN OTTENDE BOLD,OTTE,9,BLACK LABRADOR
Dog,MIN FINE NIMINA BEANA,MINA,6,YELLOW LABRADOR
Dog,LUCY,LU,3,GREAT PYRENEES
Cat,BELVEDERE,BIFF,16ish,SHORTHAIR MACKEREL TABBY
Cat,HEAVEN,KITTY,8,TORTOISE SHELL
Dog,LUCY LU,LUEY,4,BASSET HOUND
Dog,KATNISS UNDERFOOT,KATNISS,9,PIT BULL ISH
Dog,SADIE,SAYD,13,BORDER COLLIE
Dog,COCO  CHANEL MADEMOISELLE,COCO,5,GOLDEN RETRIEVER
Dog,MAGGIE,MAGS,8,BORDER COLLIE
Dog,GUNNER BAKER,GUNNER,12,LAB
Other,LADY SYBIL,LADY,1.75 years,HOLLAND LOP
Cat,ASHLEY WILLIAMS,ASH,8 years,MAINE COON
Dog,APRIL IN PARIS,PARIS,6,GOLDEN RETRIEVER
Other,COLBY,,3,
Cat,MISTER,MISTER,2,AMERICAN SHORTHAIR
Cat,GOKU,TUTU,2 years,
Other,MILES,MILES,5,GOLDFISH
Cat,FUZZBALL,FUZZYBUTT,10,AMERICAN SHORTHAIR
Dog,FELIX,FELIX,2,
Cat,BENJAMIN,BEN,14,
Dog,WOODRUFF,WOODY,10,SAINT BERNARD/COCKER SPANIEL
Cat,TIBBY,TIB OR MONSTER,3,UNKNOWN
Dog,KITTY TAKE YOUR GLOVES OFF,REBA,8,GOLDEN RETRIEVER
Cat,HONEY,HONEY,7,TABBY
Dog,MULLIGAN,MULL,12,GOLDEN
Dog,LOKI,LOKI AKA GOOF BALL,8 months,GOLDEN RETRIEVER
Dog,OKEMO,OKEMO,8,AUSTRALIAN CATTLE DOG
Dog,BEAU,BEAU,1 1/2,GOLDEN RETRIEVER MIX
Cat,LUCY,LUCY,6,
Dog,ZACK ATTACK,ZACK,10,GOLDEN RETRIEVER
Dog,KENDALL,KENDALL,4,HOUND LAB MIX
Dog,BAILEY,BAILEY,1,LAB/POINTER
Dog,RANGER,RANGER,11,GERMAN SHEPHERD/HUSKY
Dog,DAN,DAN,12,BASENJJI MIX
Dog,SIR MAXIMILLION OF BINGHAMTON,MAX,10,GOLDEN RETRIEVER
Dog,FREYA,FREYA,3,POINTER/SHARPEI
Dog,JACKSON,JAX,14,GOLDEN MIX
Dog,KURAMA,KDOG,3,
Dog,LUCHIK,LUCHIK OR LUCI,5,WHITE GERMAN SHEPHERD-HUSKY
Dog,PIPPI HYDE,PIPPI,11,COCKER SPANIEL
Cat,SCARLET,PURRINCESS KITTY,13,DOMESTIC SHORTHAIR
Dog,PEARLY,PEARL,5.5,HUSKY MIX
Cat,SEBASTIAN,MONKEY,12,DOMESTIC SHORTHAIR
Dog,WALTER,WALTY,Six,SPANIEL MIX
Cat,REESES PIECES,REESIE,2,DOMESTIC SHORT HAIR
Dog,BUDDY OF BAILEY'S IRISH CREAM,BUDDY,11,BLACK LAB
Dog,BELLE,BELLE,15,GOLDEN RETRIEVER
Cat,SUSHI ROLL,SUSHI,1.5,AMERICAN BOBTAIL
Dog,ZOE MARIE,ZOE,6,GERMAN SHEPHERD MIX
Dog,WILSON,WILSON,4,LAB MIX
Cat,MOCHI,MOCHI,1.5,AMERICAN BOBTAIL
Dog,REESIE,REESIE,14,YORKSHIRE TERRIOR
Cat,SASUKE,SASUKE,6,MIXED
Cat,SASUKE,SASUKE,6,MIXED
Dog,BOCEPHUS RAY,BO,6,GERMAN SHEPHERD MIX
Dog,GUNNER,GUNNY,5,YELLOW LAB
Dog,STELLA,STELLA,12,DASCHUND MIX
Dog,BAILEY'S IRISH CREAM,BAILEY,13 (crossed rainbow bridge 2016),BLACK GOLDEN RETRIEVER (GR/CHOC LAB)
Cat,ABIGAIL,ABBY,8 years,SIAMESE
Dog,POPPY,POPS,16,JACK RUSSELL
Dog,NINA,BEANS,12,FLAT COATED RETRIEVER
Cat,BORIS,BORIS,3,SPINX
Cat,SMOOCHEY,MOO MOO COW/ MOOCHEY,18 years,DOMESTIC SHORT HAIR
Cat,TOAST MALONE,TOAST,5,
Cat,HEX,HEX,8,
Cat,SMUDGE OF GREY,SMUDGE,7,
Dog,CHARLOTTE,CHAR,4,BEAGLE/JACK RUSSEL
Dog,MS. CUDDLES,CUDDLES,13.75,CHIFFON (SHIH TZU/BRUSSELS GRIFFON)
Dog,WAYNE ROONEY,ROO,13,BORDER COLLIE
Dog,SNACK,SNACK,2,ROTTWEILER/COCKER SPANIEL MIX
Cat,SKIPPER,SKIPS,16,
Cat,NACHO BELL GRANDE,"BEAN, NACHO,",1,
Dog,HAZEL,"ZELLY, ZZ, HAYZELLY",3,GOLDEN RETRIEVER
Dog,LUNA CALAMITY BARNES,LUNA,~9,MUTT
Dog,HIRO BARNES,HIRO,5,MUTT
Dog,RAMSEY,RAMSEY,4 months,LABRADOR
Dog,STELLA DIANE,STELLA,6,HAVANESE TYPE MIX
Dog,TRIGGER,TRIG,4,LABRADOR RETRIEVER
Cat,NOODLE,NOODLE,3,CALICO/DOMESTIC SHORTHAIR
Dog,H√âLO√èSE,H√âLO√èSE,9-11 (est.),PAPILLON MIX
Dog,SCOUT MCGEE,SCOUT,12,SPITZ
Dog,MILO,MILO,2,GOLDEN RETRIEVER
Dog,KOLBIE,KOLBIE,10,BEAGLE
Dog,RHYANNON'S PRINCESS NIKITA,NIKKI,10.5,SIBERIAN HUSKY
Cat,SCRAM,SCRAMMIES,2,DOMESTIC MEDIUM HAIR
Cat,DARWIN,CAT,7,
Cat,LEO,LEO,16,
Cat,KANGA,KANGA,4,CALICO/TABBY
Other,WINONA,WINNIE,2,
Cat,BUGALOO BONZAI,BUG,7,
Dog,MALCOLM P. DOG,MALCOLM,17,MIX/MUTT/DISASTER
Dog,MAXWELL T. BONE,MAX (ALIAS: BROWNDOG),11,CHOCOLATE LAB
Cat,PATCHES,PATCH,8,
Dog,INDY,INDY,8,POODLE/BEAGLE
Dog,CODY FLUFFBALL,CODY,11,GOLDEN RETRIEVER
Dog,FUDGE,FUDGIE,6,PUG/BEAGLE MIX
Dog,MIA,MIA,13,GOLDEN RETRIEVER
Cat,LOUIE,LOUIE,4,
Cat,MITZI JUNEBUG KANDINSKY,MITZI,8,
Dog,MEGAN GABRIELA ORTEGA,MOO,11,BOXER
Cat,BERNIE,BERNIE (BERNARD IF NAUGHTY),2,DOMESTIC LONG HAIR
Dog,BEL,BEL,7,COCKER SPANIEL
Dog,ARTIE,ARTIE PARTY,14,GOLDEN RETRIEVER
Dog,SNICKERS,SNICKERS,9,BEAGLE/GERMAN SHEPHERD MIX
Cat,HAZEL,HAZEL,4,DOMESTIC SHORT HAIR
Dog,BLUE,BLUE,7,BLUE HEELER MIX
Dog,WALLY,WAWA,2,GOLDEN RETRIEVER MIX
Dog,COPPER,COPPER,10,CHIHUAHUA MIX
Other,HAROLD,HARRY,6 weeks,CAT
Other,BIRDIE,BABY LIZ,7,
Cat,SIR JONATHAN POOH CAT,JONATHAN,10,PERSIAN
Dog,JULIET,JULES,2,PIT BULL
Cat,SCOUT,SCOUT,9,TABBY
Dog,DASHER,DASH,8,SPANADOR
Dog,GRACE,GRACIE,5,LABRADOR RETRIEVER
Dog,RUBY,RUBY,12,MUTT
Bird,NUGGET,NUGGET,2,RINGNECK DOVE
Dog,LEVI,LEE,6,AUSTRALIAN SHEPHERD
Dog,ELLE LOKI BEAN,BELLIE,1,BOXER MIX
Dog,DORTHEA DIX,DOGE,5,GOLDEN RETRIEVER
Dog,LAYLA BO PEEP,LAYLA,4 months,PUGGLE
Dog,ROCKY,ROCKY,12,BEAGLE MUTT
Dog,TILLITH,TILLY/TILLBEAR,8,HOUND MIX
Dog,ROLLO,ROLLO,3.5,YELLOW LAB
Dog,NISKU,NISKU,2,G-SHEP MIX
Cat,CAT,CAT,8,DOMESTIC LONG HAIR
Cat,PEACHES,PEACHES,5,PERSIAN
Dog,SADIE JO,SADIE OR TATO,5,YELLOW LABRADOR RETRIEVER
Dog,LADY,LADY,9,BERNESE MOUNTAIN DOG
Dog,SAMMY Q,SAM,10 years,GOLDEN RETRIEVER MIX
Cat,COOKIE,COOKAROO,9,SIAMESE MIX
Cat,PEPPER,BEBS,4,TABBY MIX
Cat,IPOD,IPOD,12,
Cat,HANK THE COWCAT,HANK,12,
Dog,OLIVER PHISH,OLIVER,2,PIT BULL MIX
Dog,CLEOPATRA,CLEO,6,ITALIAN MASTIFF
Dog,BIRDIE,BIRDIR,1,LABRADOODLE
Dog,MURPHY,MURPH,7 mo,GOLDEN RETRIEVER
Dog,RYDER,RYDER,14,YELLOW LAB MIX
Dog,TALANI SNOWMAGEDDON,MILO,4.5 mos,GOLDEN RETRIEVER
Dog,WINNIE THE BLUE,WINNIE,11 months,PIT BULL
Dog,SCARLETT,SCARLETT,3 months,CAVALIER KING CHARLES SPANIEL
Dog,GUS,GUS,11 years,GOLDEN RETRIEVER
Dog,DIXIE MARIE,DIXIE,8,ST. BERNARD
Dog,HEIDI,HEIDI,2,ST. BERNARD
Dog,PHIN,PHIN,2,ST. BERNARD
Dog,JAGER,JAGER,12 years,LABRADOR RETRIEVER
Dog,BROWN BEAR,BEAR,7,
Dog,LUCY,LUCY,4,GOLDEN RETRIEVER
Dog,KAHLUA,CHICKY-CHIX,10monthd,MUTT
Cat,EPINEPHRINE,EPI,9,MIX
Dog,BAYLEI,STINKY,1 year,SILVER LAB
Dog,BAYLEI,STINKY,1 year,SILVER LAB
Cat,THAT CAT,T.C.,9,MIX
Dog,ROCKY,ROCKY,5,PIT BULL/LAB MIX
Bird,BUDDY RYAN,BUDDY,12,
Dog,ABIGAIL,ABBY,4,PIT BULL
Dog,KIRA,KIRA/SQUISHY,15,BEAGLE
Dog,SAMMY,SAM SAM,6,GOLDEN RETRIEVER LAB MIX
Dog,PIPER MARIE,PIPER,4,NEWFOUNDLAND MIX
Dog,CHARLENE,CHARLIE,12,LAB MIX
Dog,THOR MIGHTY GOD OF THUNDER,THOR,9,DACHSHUND MIX
Dog,CODY ANNE,CODY,2 years,GOLDEN RETRIEVER
Cat,CAESAR,JEFF-JEFF,9,UNKNOWN
Dog,TESSA,TESSA,11,GERMAN SHEPHERD DOG
Cat,THEIA,"KITTY, BOOGER BUTT, FLUFFYBUTT",11,DOMESTIC LONG HAIRED
Cat,MINERVA MCGONAGALL,MINNA,5,TABBY
Dog,LILY,LILY,10,SHEPHERD CHOW MIX
Dog,BUTTERS,BUTTERS,9,SHEPHERD MIX
Dog,MARIGOLD,MARIGOLD,8,HEINZ 57 MUTT
Dog,PRINCE ROMEO,ROMEY,8,MINIATURE PINSCHER
Cat,TEACHER‚ÄôS PET,TEEPS,2,
Cat,WIMPY,WIMPY,2,
Cat,LUCY,LUCY,2,
Dog,"SNICKERS THE FIRST, HEAD WOOFER",SNICKERS,6,YORKIEPOO
Dog,LUCKY,LUCKY,3,LAB/BLUE HEELER/MIXED BREED
Dog,ARES,ARES,8,OLDE ENGLISH BULLDOG
Cat,SKYLAR,"SWEET BOII, MY BEAUTIFUL BABY BOY",3,
Dog,MAXIMILLIAN,MAX,13,GOLDEN RETRIEVER
Dog,ROGUE,ROGUE,6,BORDER COLLIE/WEIMERHEIMER/MIXED BREED
Cat,SWEETY,SWEETY,Unknown,DOMESTIC LONGHAIR
Cat,BENNY,BEN,4 years,DOMESTIC SHORTHAIR
Dog,ACE,,1,AMERICAN HAIRLESS TERRIER
Dog,AVA,,4,AMERICAN HAIRLESS TERRIER
Dog,WINNIFRED,WINNIE,6,SHITZU/POODLE MIX
Dog,MIKA,MIKA,8,PITBULL & LAB MIX
Dog,CHARLIE ELIZABETH BEGONIAS,CHARLIE,5,LABRADOODLE
Dog,JACK ASS,"JACK, JACKIE",5,BORDER COLLIE AUSTRALIAN SHEPHERD MIX
Cat,BEAN,CAT,7,
Cat,SKIPPS,SKIPPER,1,
Cat,CARLY Q CAT,CARL,5,
Dog,DAN,DIGGER,13,PUG
Dog,KOKO,KOKO,4,FRENCH BULLDOG
Dog,ARCHIBALD,ARCHIE,2,GOLDEN RETRIEVER
Dog,SASSIE,SASSIE,19,POODLE
Dog,ZOE,ZOE,12,SHITZU-POODLE
Dog,BOBO,BOBES,10,MUTT
Cat,SOFI,SOFI MAY BOFI,2,CALICO
Dog,ISIAH THOMAS,IZZY,3 months,MAINECOON
Dog,SIR PETE THE PUP,PETE,12,CHIHUAHUA
Dog,ROUX STIR,ROUX,8,CATAHOULA MIX
Dog,LUCY SCRAMBLE,LUCY,5,BOXER
Dog,JUNEBUG,JUNEBUG,10,SHEPARD MIX
Dog,CRINKLE,CRINK-A-DINK,7,RHODESIAN RIDGEBACK
Other,GEORGE,GEORGE,Unknown,METAMORPHIC
Dog,SMOKEY,SPOOKY,14,MUTT
Dog,DAISY MAY,DAISY,3,LAB MIX
Dog,CRIMSON,CRIMSON,9,BEAGLE & LAB/GERMAN SHEPHERD MIX
Dog,TIDE,TIDE DOG,9,BEAGLE & LAB/GERMAN SHEPHERD MIX
Other,KENDALL JENNER,KEN,23,HUMAN
Dog,SOPHIE,SOPHIE,10,LAB & JACK RUSSELL MIX
Dog,SIR NIGEL PETRIE OF THE POOFYBOTTOM CLAN,NIGEL,12,POMERANIAN/TERRIER MIX
Dog,TOBI,"BOBO, TIB TOB, TIBBI BIBBI, CORN CHIP",10,NEWFOUNDLAND/ST. BERNARD
Dog,BRUIN,BRU,7,GOLDEN RETRIEVER
Dog,LUCINDA JEAN,LUCY,1,GOLDEN RETRIEVER
Dog,DAVE,DAVE,4.5,GOLDEN RETRIEVER
Dog,HARPER VALLEY,HARPER,3 months,DACHSHUND
Cat,CALLEIGH MARIE,CALLEIGH,14,DSH
Dog,BUSTER BROWN,BUSTER,11,"MUTT (BOXER, PUG, BEAGLE, BOSTON TERRIER MIX POSSIBLY)"
Other,√òPTIFISH,√òPTIFISH,2 weeks,ORANGE
Dog,LEILA,LEILA!!,5ish,POINTER
Dog,TRIXIE,TRIXIE TREAT,3,GOLDEN RETRIEVER
Dog,ARCHER,ARCHIBALD,9ish,LAB MIX
Dog,JOSIE PANCAKES FLUFFYBOTTOM,JOSIE,8,HEINZ 57
Cat,TIGER JACK,JACK,6.75,TABBY
Cat,WILLIAM ORANGE,WILLIE,6.75,TABBY
Dog,ZEUS,ZU,1 1/2,GREAT DANE
Dog,SHOOTER,SHOOTER,8,BLUE HEELER
Dog,ELLIE,ELLIE,8,YELLOW LAB
Dog,MACIE,MACE,8,GOLDEN
Dog,MADDIE,BUBBIS,17,SHIH TZU
Cat,MOTOWN,MO,8,DOMESTIC LONGHAIR
Other,SPOT,SPOT,6 months,BETTA
Dog,SQUIRT,SQUIRT,7,BULLDOG
Dog,SAMANTHA MARIE,SAMMIE,8,MUTT
Dog,QUINCY,QUINCY,5,CHOW MIX
Dog,CAJUN,CAJUN,6 1/2,GOLDEN LAB MIX
Dog,DUKE,DUKIE DOO,3,PIT BULL
Dog,DAISY,DAISY DEE,3,PIT BULL
Dog,NICO,NICO,4,PUG/BOSTON TERRIER MIX
Dog,CHANCE MCCOY,CHANCE,10,GOLDEN RETRIEVER
Dog,KOBI,KOBI,11,PITT BULL MIX
Dog,MAILA,MAILA MOOSE,1,SOUTH AFRICAN MASTIFF
Other,DOMINO,DOMMI,6,PAINT
Dog,PHINEAS,PHIN,3,LAB
Dog,CODY,VODY,20,LABRADOR RETRIEVER
Dog,PERRY,PERRY,3,LAB
Other,GREGORY PECK,GREGGIE,2,BANTAM COCHIN
Dog,CALL IT A NIGHT SIR DUDLEY,DUDLEY,5 years,GOLDEN RETRIEVER
Dog,MADISON BROOKE,MADDY,7 years old,FOXHOUND MIX
Cat,PANDORS,PANDORA,10 years,UNKNOWN
Dog,LIKE FRANCIS,LUKE,8 years old,TREEING WALKER COONHOUND MIX
Cat,BO BO,BO BO,4,
Cat,ZOOEY,ZOOEY,8,
Cat,MOLLIE,MOLLIE,2,EVIL
Cat,JJ,JJ,6 months,
Cat,JENSON BUTTON. (LAST NAME PRONOUNCED BOO TAWN),"BOO BEAR, JB, OR BUTTON (PRONOUNCED BOO TAWN)",8 years old,MIX
Dog,PILIKIA,PILI,14,CHIHUAHUA
Dog,MIA PIEPER,MIA,3,BLACK LAB/ GREYHOUND MIX
Cat,NOVA BLAKE,NOVA,1 year,TABBY
Dog,PEPPER POTTS,PEPPER,6,GOLDEN RETRIEVER
Dog,SCRUFFY,SCRUFFY,Deceased,MUTT
Cat,NIKOLAI MARANOV,MR. M,12 years old,MAINE COON
Cat,DJANGO,DJANGO,16,TUXEDO CAT
Dog,PRINCESS JESSI,JESSI,7,
Dog,MOWGLI,,1,LAB
Other,,,2,LAB
Dog,WILLE,WILLIE,8,
Dog,OTTO,OTTO,1.5,DOBERMAN/BASSET HOUND
Cat,MOMMA MARTHA,MARTHA,5,DSH
Dog,OPTIMUS,OPTI,7,MALTESE
Dog,MEMPHIS MUMFORD,MEMPHIS,2,CANE CORSO MASTIFF
Cat,ANTOINE,TOINE,8,TABBY CAT
Dog,LOUIE,LOUIE,6,LAB/BLOODHOUND MIX
Cat,HUNTER POUNCE,CARACAT,8,SHORTHAIR CAT
Dog,ANNA,ANNA,5,
Dog,CHESTER,CHESTER,13,NOVA SCOTIA DUCK TOLLER
Dog,ZEUS THEODORE,ZEUS,7,SCHNOODLE (SCHNAUZER/POODLE)
Dog,RIPLEY,RIPLEY,13,GOLDEN RETRIEVER
Dog,BEAU,BEAU BEAU,4,GOLDENDOODLE
Dog,LUCY,LUCY,9,GOLDEN RETRIEVER
Dog,PENELOPE,PENNY,3,MALTESE
Dog,CALLIE,CAL,4,GOLDEN RETRIEVER
Dog,JAKE,JAKEY POO POO HEAD,2,GOLDEN DOODLE
Dog,WILLIE,WILLIE,2.5,LAB MIX
Dog,PACKAGE,PACKAGE,1,DALMATIAN MIX
Cat,ALGERNON,"ALGY, GU",11,
Other,PICKLES!,PICKLES OR PUMPKIN OR CUTIE PIE OR LITTLE DARLIN,3,TORTI
Cat,JIBLIT,TINY JIB,1,
Dog,LUNA,LUNA,5,YORKIE
Dog,DELILAH,LILA,4,LAB
Cat,CELIE,CELIE,7,TABBY
Cat,SOPHIE,SOPHIE,7,TABBY
Cat,OLIVER WENDELL HOLMES,OLIVER,9,
Dog,JOSEPHINE,JOSIE,4,BORDER COLLIE/PIT MIX
Dog,RUSSELL D.,RUSTY,9,MUTT
Dog,EXCALIBUR INSUBORDINATE O‚ÄôMALLIE IX,CALI,2,GOLDEN RETRIEVER
Dog,DARTH VADA MAE,VADA,7,BORDER COLLIE/CORGI
Cat,FELIX,FELIX,12,DOMESTIC SHORTHAIR
Dog,BUTTERSCOTCH,BUTTERS,9? 10???,MUTT
Dog,EMMA JEAN JELLY BEAN,EMMA,13,SHIH TZU
Cat,BINKY,BINKY,2,DOMESTIC SHORTHAIR
Cat,SOX,SOX,10,DOMESTIC SHORTHAIR
Dog,RIGBY,RIGS,6,BOSTON TERRIER
Dog,SIR SCRIBBLES OF THE SHIRE,SCRIBBLES,5,SHIH TZU/CORGI
Cat,HERBERT FITZGERALD,BERTIE,3,RAGDOLL
Cat,GARY,GARY,About 3,TABBY
Cat,CASSANDRA,CASSIE,7,SIAMESE MIX
Cat,MOOSE,MOOSE,2 months,CALICO
Dog,TELE,TELE,11,LAB
Dog,MAGGIE,POOPER,14,DACHSHUND
Cat,DANIEL,DANIEL,16,ORIENTAL SHORTHAIR
Cat,KITTY,KITTY,16,DSH
Dog,DAISY MAE,DAISY,11,GOLDEN RETRIEVER
Dog,BUG,BUG,6,JACK RUSSEL MUTT
Dog,RAYVEN,RAY,6,GERMAN SHEPHERD
Dog,PUPPY GIRL,PUPPY,4,JACK RUSSEL
Dog,BEYONC√â,BEYONC√â,2,CHIHUAHUA
Dog,PIPPA MAD,PIPPA,2,HAVANESE
Dog,TAILS BALBOA,TAILS,14,CHIHUAHUA
Dog,TARA BALBOA,TARA,6,CHIHUAHUA
Dog,MIA,MIMI,<1,CHIHUAHUA
Dog,SLAINTE,SLAINTE,12,CHIWEENIE
Cat,PERSEPHONE,PERSNUFFY,11,
Cat,PIPER,PIPES,1,
Cat,BELLE,TINY KITTEN,12,
Cat,NYX,NYXAPOOSKI,8,
Dog,CLYDE FROG THE DOG,CLYDE,3.75,YELLOW LABRADOR
Cat,BABY TIGER,TIGER BUB,11,
Cat,HAVOC,BB,2,
Dog,ASHER,ASHIE,9,GOLDEN RETRIEVER
Dog,MILEY,MILEY,13.5,MUTT
Cat,TUX,MONSIEUR TUX,2,
Other,PAISLEY DESERT MELODY,MELODY,7,MUSTANG (HORSE)
Dog,SUZIE,SUZIE,5,CHOCOLATE LAB
Dog,JOSHUA,JOSHIE,9,GOLDEN RETREIVER
Dog,KONA KAI,KONA,2,"MUTT: HALF TERRIFIC, HALF AMAZING (MOST LIKELY GOLDEN RETRIEVER/GERMAN SHEPHERD"
Cat,SIMBA,SIMBA,6,DSH (HE ORANGE)
Dog,CHARLIE,CHARLIE,11,BOSTON TERRIER X PUG
Other,LUCKY,LUCKY,Unknown,DESERT TORTOISE
Cat,DUNCAN,DUNCAN,5.5,N/A
Dog,LUCKY,LUCKY,4,LAB RETRIEVER
Dog,LILY ANN,LILY,3,GOLDEN RETRIEVER
Dog,ROBBIE,ROBBIE,10,WEST HIGHLAND WHITE
Dog,CHANCE,CHANCE,4,LAB RETRIEVER
Cat,MIR HECTOR,MIR,11.5,DOMESTIC SHORTHAIR
Cat,CLOVER,CLO,3-Feb,
Cat,LACERTA GRACE,LACI,11,DOMESTIC SHORTHAIR
Dog,MCGREGOR,GREGS,11,SCOTTISH TERRIER
Cat,MOSEPHUS,MO,4-Mar,
Dog,MAGGIE,"MAGS, MAGGALS",6,CORGI
Dog,BOO RADLEY BEAUREGARD,BOO,5,HOUND MIX
Cat,PICTOR JAMES,PICTOR,8,LYNX POINT SIAMESE
Cat,YELLOWIE,OLD MAN,19,
Cat,SYLVIO,SYL,14,
Dog,JEAN LOUISE,SCOUT,2.5,GOLDEN RETRIEVER
Cat,COOPER KENT DEGROAT,COOPER/TOOPER,1,TUXEDO CAT
Dog,JAVA JOE,JOE,7 weeks,CORGI
Dog,HEIDI HOHO,HEIDI,7,RESCUE
Dog,FINLAY HEISENBERG,FINN,8 years old,SHETLAND SHEEPDOG
Cat,PORKCHOP,PORKIE,4,RESCUE
Dog,NALA BELLE,NALA,11,GOLDEN RETRIEVER
Cat,LILA,LIELEE,10,DOMESTIC LONG HAIR
Dog,MATELIN PACO JUNIOR,MATE,9,AUSTRALIAN SHEPHERD
Cat,APPLESAUCE,APPLE,2,RESCUE
Dog,EDDIE,EDDIE,8,CHIHUAHUA
Dog,SIR THOMPSON SQUIGGLEBUTT,TOMMY,7,CHIHUAHUA
Dog,MISS KASEY BUBBLES,KASEY,8,ENGLISH SETTER
Dog,ANGEL,ANGEL,9,GOLDEN RETRIEVER
Dog,LOOSIE,GOOSE,15,WHIPPET
Bird,RUBY,RUBY,2,PARAKEET
Dog,SOPHIE,SOPHIE,14,WHIPPET
Other,ROBERT,ROBBIE,1,LEOPARD GECKO
Dog,DOUGLAS,DOUGLAS,10,BASSET HOUND
Dog,ZOI,Z,1,ENGLISH SETTER
Cat,MENKE,MENKE,4,MANX
Dog,JASPER,JASPER,14,WHIPPET
Dog,RUPERT,ROO,3,BASSET HOUND
Dog,SPENCER,SPENCE,10,POINTER
Dog,SIR CLYDE BOOTSIE SIDEEYE,CLYDE,11,CHIHUAHUA
Dog,DAISY MAE,DAISY,7,GOLDENDOODLE
Dog,TEDDY BEAR,TEDDY,11,CHOW CHOW/AUSTRALIAN SHEPARD
Dog,EDWARD GENE,EDDY,15,GOLDEN RETRIEVER
Dog,PEACHES MONROE,PEACHES,4,JACK RUSSELL TERRIER
Dog,SIR NICHOLAS,NICK,9,CORGI/JACK RUSSELL
Dog,EOWYN,EO,13,SHIH TZU
Dog,JAYDEN,DENDEN,8,SHIH TZU
Dog,JOEY,JO,1,GOLDEN RETRIEVER
Dog,WALKER TEXAS RANGER,WALLY,1,LABRADOR MIX
Dog,MIKE MUSSINA,MOOSE,1,LABRADOR MIX
Cat,AZUCA,ZUCCHINI,8,
Cat,LADY BLUEBELLE,BLUEBELLE,16,DMH
Dog,DEMON DEACON,DEKE,13,GOLDEN RETREIVER
Dog,BENNY THE TINY VON HUDEHOFF,BENNY,5,YORKSHIRE
Dog,JACKY,JACK,3,GOLDEN RETRIEVER
Dog,GIGI,GIGI,10,GOLDEN RETRIEVER
Dog,LIONTAMER‚ÄôS NELSON M MANDELA,NELSON,2,RHODESIAN RIDGEBACK
Dog,TOBY,TOBY,12,GOLDEN RETRIEVER
Dog,SUGAR,SUGAR,13,MIX
Cat,REY,REY,2,
Dog,MACKLEY,MACKEY,4,AMERICAN BULLDOG
Cat,GORDON BANARNAR,GORDON,6,TABBY
Dog,SUGAR,SUGAR,5,GOLDEN RETRIEVER
Dog,MINNIE,MINNIE,10,MIN PIN
Dog,MEEKO LETANG,BUBBY,3 years,ROUGH COLLIE
Cat,"MEPHISTOPHELES, DER LEIBHAFTIGE TEUFEL, LORD OF THE UNDERWORLD, BRINGER OF DARKNESS",FELIX,11,DSH
Dog,ODDJOB,JOBBY,11,PUGGLE
Cat,RIVER,RIVER,8,ORANGE TABBY
Dog,CHARLESTON WESLEY,CHARLIE,1,GOLDENDOODLE
Dog,SHELBY,SHELB,3 months (puppy puppy!!!!),MUTT
Dog,BARRACUDA,CUDA,3 months,GSD MIX
Other,LILAPUTION MARIE,LILLA,0,
Dog,DAISY,DAISY,5,CHOCOLATE LAB MIX
Dog,MOOSE VAN HAUS HUENINK,MOOSE,3,ROTTWEILER
Dog,PRINCESS BELLA MARIE,BELLA,11,MINI DACHSHUND/BEAGLE MIX
Other,TURTLE DOVE,TURTLE,0,SYRIAN
Dog,GENO STONEYCREEK PUGH,BEANS,2,ROTTWEILER
Cat,AXEL DAXEL,AXEL,9,DOMESTIC SHORT HAIR
Other,MICHAEL LEE,MICHAEL,11 months,BETTA
Cat,BABE RUTHY,BABE,9,DOMESTIC SHORT HAIR
Dog,SADIE MAE,SADIE,6,GERMAN SHORTHAIRED POINTER
Other,STANLEY,STAN BUG,0,
Dog,RUBY SUE,RUBY,3,BLUE TICK COONHOUND
Other,RICHARD FINEMAN,RICHIE,4,
Dog,ZOEY,ZOEY/ZOZO,8,GOLDEN RETRIEVER
Dog,APOLLO,APOLLO,10,BOXER
Dog,PETEY,PETE,11,LAB MIX
Cat,SCUTO,SCUTIE,10,BURMESE
Dog,SADIE BLUE,SADIE,9,BORDER COLLIE MIX
Dog,MIRA,WEETUM,13.5,LAB/GREYHOUND
Dog,GINGER,GINGER,,STAFFORDSHIRE MIX
Cat,COOKIE DOUGH,MISS DOUGH,6,CAT
Other,KACHU,KACHU,4 years,
Dog,HAIRY POTTER,HAIRY,12,SMOL TERRIER
Dog,CRICKET,CRICKITA,Deceaced 12 years :(,"HALF SCHITZU, HALF LONG HAIRED MINIATURE DACHSHUND"
Dog,XENIA MARIE,XENIA,8,GERMAN SHEPHERD
Other,POTATO,TOT,3,ABYSSINIAN GUINEAPIG
Dog,DAISY MAE,DAISY,12,CAIRN TERRIER
Other,ASHE,ASHE,3,AMERICAN STANDARD CHINCHILLA
Other,MR. MOESBY,MR. MOESBY,3 years approx.,GOLDFISH (COMMON)
Other,HELEN,HELEN,3 years (approx),GOLDFISH (TINY)
Dog,SKYLAR,SKY DOG,15,MINI AUSSIE
Dog,MAYBUS DOGSTOEVSKY,MAYBE,11,TREEING WALKER COONHOUND
Dog,KAHLUA,"LOUIE, LOULOU, KAHULA, FLUFFERNUTTER",7,MINI AUSSIE
Cat,FOSTER,FOSTER,13,DOMESTIC SHORTHAIR - GRAY TABBY
Cat,REESE,REESE,13,DOMESTIC SHORTHAIR - TORTOISESHELL
Dog,MAGGIE PIE THATCHER,MAGGIE,4 months,BLUE LACY
Dog,ASHILDR,ASHY,1,BOXER
Dog,ELSA,STINKY POO POO,4/1/02,GERMAN SHEPHERD
Dog,BELLE,STINKY POO POO TOO,4/1/02,GOLDEN RETRIEVER
Cat,MUFASA,MUFASA,14,YELLOW TABBY LONG HAIR
Dog,ZEUS,ZEUSY,8,JACK RUSSEL MIX
Other,NIBLET,FAT PIG,~4,GUINEA PIG
Dog,MOLLY,MISS PANTS,6,LAB MIX
Cat,VALERIE SPACESHIP PIZZA PARTY,BUBBA,6,DOMESTIC SHORTHAIR
Other,PENELOPE,PENNE,1,SYRIAN
Cat,PEANUT,PEENIE PANEENIE,4 months,CALICO
Cat,JUPITER,MONSIEUR JUPS,6,DOMESTIC SHORT HAIR
Dog,CHIP,"CHIPPY, CHIPPER, DUMBO, OR CHIPPER DIPPER",13.5 years,YELLOW LAB
Dog,CHEWUSTUFFER ASSHOLE,CHEWY,2,GOLDEN RETRIEVER
Dog,SAILOR MOON,EITHER SAILOR OR MOON,4,NEWFOUNDLAND
Dog,NAVIGATOR‚ÄôS SIPSEY RIVER PRINCES,SIPSEY,11,LABRADOR RETREIVER
Dog,BUDDY,BUD,9,BORDER COLLIE
Dog,BROWN BUTTER BISCUIT,BISCUIT,12,LABRADOR RETRIEVER
Dog,MILLIE,LIL MIL,13,SHIH TSU CROSS
Dog,JONAH,JONAH,5,LAB/COLLIE
Dog,DIGGS,DIGGS,9 years,AUSTRALIAN CATTLE DOG
Bird,GUDLAGUBA,GUBA,2,
Dog,HERMAN,"HERMIE, HERM-DERM, HERBIE, HERM-WORM",14,DACHSHUND
Cat,ISIS,ISIS,9,DOMESTIC SHORTHAIR
Dog,DATSYUK,DATSYUK,8 mos,SHEPHERD MIX
Dog,NIGHTWING,NIGHTWING,6,LHASA APSO / MALTESE
Dog,ISABELLA,BELLA,5,GERMAN SHEPARD/ AUSTRALIAN SHEPARD
Dog,PRINCESS BUTTERCUP,PRINCESS,4,LHASA APSO / MALTESE
Dog,SIR JAKE OF ZOAR,JAKE,11,YELLOW LAB
Cat,MICHAEL THEODORE WAZOWSKI,MIKE,2,FUZZBALL
Dog,SCOUT,SCOUT,6,KING CHARLES
Dog,ALUXE,ALUXE,14,POODLE
Dog,BROWNIE,BROWNIE,11,KING CHARLES
Cat,CATSBY,CATSBY,12,DOMESTIC SHORTHAIR
Other,CLEMENTINE THE LEMON,CLEM,7,
Dog,SHELBY MAY,SHELBS,6 years and 1 month,TERRIER MIX
Dog,MR. HENRY MIDAS DARCY,HENRY,7,GOLDEN RETRIEVER
Cat,HERMES,HERMES,10 years,UNKNOWN
Dog,ANNIE REESE,ANNIE,11,HUSKY/CORGI MIX
Dog,BLACKJACK,BLACKJACK,3,LAB AND PIT MIX
Cat,DOLLY MADISON,DOLLY,11,AMERICAN SHORT HAIR
Cat,FRANKLIN ROOSEVELT,FRANKLIN,16,SIAMESE
Cat,ABBY,ABBY,2.5,
Dog,JADEN,JADEN,,
Dog,SOPHIE,SOPH,9 years,GOLDEN RETRIEVER
Cat,ELIZABETH BENNET,"ELIZABETH, NO!",13,DOMESTIC LONGHAIR
Cat,AMADEUS,BOOBOO,13,DOMESTIC LONGHAIR
Dog,PETEY,PETEY,11,GOLDEN RETRIEVER
Dog,JACK,JACKSON,11,GOLDEN RETRIEVER
Dog,BELLA,BELL,8 years,PUGGLE
Dog,STARSKY BUFORD,STARSKY,7,FOXHOUND (I THINK)
Other,BEATRICE,TRIXIE,5,MEXICAN BLACK TAILED
Dog,QUITO,KIKI,4,LAB/APBT/GREAT DANE/GSD/AUSTRALIAN CATTLE DOG/ROTTWEILER (EMBARK CONFIRMED)
Dog,WIGGINS,WIGGS,3,BLACK LAB BASSET HOUD MIX
Bird,ARETHA,THE BROODY ONE,1,BLACK STAR HEN
Other,STANLEY,STANLEY,1,BALL PYTHON
Dog,BELLA,SMELLY BELLY,13,WEIMERANER
Other,GOLDDIGGER,GOLDIE,Unknown,AUSTRALIAN
Dog,MAPLE,"MAPIE, MAPES",5 months old,SHIBA INU
Dog,SARA,SARA,7 years old,POLISH TATRA SHEEPDOG
Other,PROFESSOR MCGONGALL (THE QUEEN),HOGWARTS (THE HIVE),A few months,
Dog,CLEMENTINE,CLEM,5.5yrs,COONHOUND
Dog,ALI MAY,ALI,12,LAB MIX
Dog,ASPEN,ASS-PEN,3y,COONHOUND
Dog,AMBER,AMBER,2,GERMAN POINTER
Other,DIEGO,DEGO BEAR,3,
Other,LINUS,LINUS,1,AMERICAN GUINEA PIG
Dog,COQUINE,TI-CHAT,15,MALTESE
Other,COLBY,COLBS,3,
Dog,MEDLEY MAY,MED HEAD/BIG MEDLEY,8,GREAT DANE
Dog,MAGGIE,MAG BAG,3,GREAT DANE
Dog,FINN JETHRO,FINNY,7,POODLE
Dog,TALLULAH LILAC,LULAH,4,POODLE
Dog,BEAR,BEAR,6,HUSKY - SHEPHERD - COLLIE
Cat,FUJI,WORM,9,DOMESTIC HOUSE CAT
Dog,EMILY,EMILY,7,AMERICAN PITBULL TERRIER
Dog,WINIFRED YANKEESTAFF ARNONE,WINNIE,13,ENGLISH STAFFORDSHIRE BULL TERRIER
Dog,BELLA,BELLA,9,SHIH TZU
Dog,MOCHA LATTE,MOCH,2,RETRIEVER/PITBULL
Dog,BENTLEY ROCKSTAFF JARDINE ARNONE,BENTLEY,10 months,ENGLISH STAFFORDSHIRE BULL TERRIER
Cat,LILI,LILI,11,RUSSIAN BLUE
Dog,FREDDIE MERCURY,FREDDIE,15,MINI SCHNAUZER
Dog,EINSTEIN PANCAKE,EINSTEIN,11,SHIH TZU/ POODLE
Cat,KIT MARLOWE,MARLOWE,11ish?,DOMESTIC SHORTHAIR TABBY
Dog,SIR EGGS BENEDICT,BENNY,2.5,PEMBROKE WELSH CORGI
Dog,BANDIT,BAN BAN,8,HUSKY
Cat,BEAUREGARD MONTGOMERY CAT,BEAU,3,BLACK AND WHITE
Dog,MAC,MAC,5,BORDER COLLIE
Dog,SHEPHERD E STOLTZFUS,SHEP,5,BORDER COLLIE
Dog,CINNAMON,CHINAMON,4,GOLDEN LAB
Other,GRETA,GRETA,13,MINI REX
Dog,ROCKY CIROC,CIROC,6,BICHON FRISE
Cat,CLOUDY,CLOUDY,9,
Cat,SUNNY,SUNNY,5,
Dog,JACK,JACK,2,MINIATURE DACHSHUND
Dog,BALDRICK OF BLACKADDER BOB,BOB,14,MINIATURE SCHNAUZER
Dog,DANNY,DANNY,Deceased,POMERANIAN - INDIAN MONGREL MIX
Dog,TROY,SWEETIE,9,PIT MIX
Dog,LAVENDER,LAV,8,PIT BULL
Dog,BUDDY,MR. B,6,GOLDEN RETRIEVER
Dog,CHASE,CHASE,6,BOXER
Dog,CHARLOTTE,CHARLIE,8 human years,MOSTLY BORDER COLLIE (THOUGH SHE DOES NOT BEHAVE LIKE ONE)
Dog,ICE,ICE,14,SHARPEI/DACHSHUND MIX
Other,ALPHA (THE BETA),ALPHA,1 month,
Dog,DOLLY,DOLLY,7 & 1/2 months,LAB MIX
Dog,GEOFFREY,GEOFFREY,1,MALTIPOO
Other,ARAGORN,STRIDER,5,DWARF LOP
Other,ARWEN,ARWEN,4,LION HEAD DWARF LOP
Dog,HOLLY,HOLLY,8.5,GOLDEN RETRIEVER
Dog,COCO POLLYBIRD,COCO,10,COCKER SPANIEL
Dog,TIM,TIM,12,BEAGLE
Dog,MAGUI JOSEFINA PRIMERA MERCADO,MO√ëO√ëITO,16(+),ENGLISH COCKER SPANIEL
Other,ROBUSTIANA,ROBBY,5,
Dog,SCOOBY,SCOOB,Unknown,AMERICAN COCKER SPANIEL
Dog,BALTO JOS√â,BARTOLO,Six,
Bird,LUL√ö ANASTASIA,POLLO,16,
Dog,XENA BADASS MCAWESOME PRINCESS FLUFFLEPUFFS OF THE ASHEN FIELDS OF MORDOR,XENA,6,GOLDEN RETRIEVER
Dog,WILBUR,WILBY,6,FRENCH X BRITISH BULLDOG
Dog,ROWENA RAVENCLAW,PUPPY,3,RHODESIAN RIDGEBACK
Dog,MAGNIFICENT,MAGGIE,7,KING CHARLES/PAPILLON MIX
Dog,NOVA,SCOOSH,7 months,COCKER SPANIEL
Dog,PENNY,PENNY,12,RAY TERRIER
Cat,JASPER,JASPER,8,
Dog,MAISIE TATERS,MAISIE,2,HOUND MIX
Dog,GUINNESS,GUINNESS,9,AUSTRALIAN SHEPHERD
Dog,JOHNNY BEE,JOHNNY,5,BOXER MIX
Cat,EMMA,EMMA-ZOO,21,CALICO
Dog,MAYFLOWER,MAY,12,LABRADOR
Cat,BENJAMIN,BEN,6,
Dog,ROSCOE,ROSCOE,13,BEAGLE
Cat,PITTED BEAR,PITS,6,
Cat,LILY,LILY,20,
Cat,MAGGIE,MAGGIE,19,
Cat,TOM,TOMSL,18,BRITISH SHORT-HAIR
Cat,GERRI,GERRI,17,BRITISH SHORT-HAIR
Dog,ASHLEY,ASHLEY,5,ENGLISH COCKER SPANIEL
Other,MORITZ,MORI,Eight,NONE
Dog,JANIS,JANIS,7,
Dog,LEONARDO,LEO,7,PEKINGESE
Other,CHEEKY,TWATTY,5,
Cat,TYLER,DOOFUS,11,DOMESTIC SHORTHAIR
Dog,CEILI KIBBLES,CEILI (PRONOUNCED K-LEE),10,GOLDEN RETRIEVER
Cat,KIKI,KIKSTER,11,DOMESTIC SHORTHAIR
Dog,CHARLIE,CHARLIE,5 months,BERNESE MOUNTAIN DOG
Cat,OREO,OREO,3 months,SHORTHAIR
Cat,ICHI,ITCH,8,
Other,MUSSEL,MUSS,3 years,
Dog,MANGO,MANGO,2 years,
Other,MUFFIN,MUFFIN,2 years,
Dog,RUFUS,ROOFIE,14,GOLDEN RETIEVER
Dog,DAISY,DAZE,4 months,GOLDEN RETRIEVER
Dog,LILY,LILS,13,GOLDEN RETRIEVER
Dog,BERTIE,BERTIE BOY,4 months,GOLDEN RETRIEVER
Dog,MAX,BEAR,7,AKITA
Dog,MOLLY,MOO,7,BEAGLE
Dog,POPPY,POPPY DOG,2,GOLDEN RETRIEVER
Dog,DAISY,DAISY DOG,2,GOLDEN RETRIEVER
Cat,NICA-NU,NICA-NO-GIVE-THAT-BACKQ,21 months,BRITISH SHORT-HAIR
Cat,MEREDITH,MER,8,
Dog,KODA,KODA,9,GOLDEN RETRIEVER
Dog,ELWOOD,ELWOOD,9,GOLDEN RETRIEVER
Dog,JAKE,JAKEY,9,GOLDEN RETRIEVER
Cat,BLIZZARD,WHITE,13,
Cat,HEMINGWAY,HEMI,9,
Cat,GEORGE,PORGE,11,
Dog,MILES,MILES,8,LABRADOR
Cat,SHERBERT,SHERBERT,1,
Cat,LIESJE,LIESJE,5,TORTOISESHELL
Dog,INDIANA,INDY,10,SPRINGER SPANIEL
Cat,DIEGO MARADONA,DEGS,3,
Dog,MAXIMUS HARVEY,MAX,2,GOLDEN RETRIEVER
Cat,PACO,PAC MAN,2,
Dog,DOUGLAS RAY RICHARDSON THE THIRD,DOUG,6ish,RED HEELED
Other,WILBUR,WILBUR,1,N/A
Other,VINCENT,VINNIE,1 year,N/A
Dog,HARLEY,GNARLY,4,PUG
Other,TACO,TACO,‚âà7,RUSSIAN TORTOISE
Dog,BUSTER,BUSTY,14,JACK RUSSELL
Dog,ALFIE,ALFIE DUDE,14,JACK RUSSELL
Dog,MILA,MILA,9,MIXED BREED BOOMER
Dog,ZERO,BOYDOG,10,RHODESIAN RIDGEBACK
Other,CIRKELINE,CIRKELINE,7,MIXED
Dog,BELLA NINA; THOMAS JAMES; ARCHIE,BELLA; TOM; ARCHIE,7yrs; 4yrs; 4mos,GERMAN SHEPHERD X BORDER COLLIE; NOT SURE; GERMAN SHEPHERD
Cat,"MAO. (AS IN CHAIRMAN MAO,  NOT MIAOW OR MAYO.",MAO,14,MOGGY
Dog,BRIGGS,BRIGGY,10,LAB MIX
Dog,MYA (THE DOG),MY,13,YELLOW LAB
Cat,DEE DEE,DEE,13,
Dog,NEELA,NEELY,8,SHIH TZU
Dog,HANK,HANKLE,2,BLUE HEELER/AUSTRALIAN SHEPHERD
Dog,BUTTON,BUTTON,7,COCKALIER
Dog,MISSY PRINCESS,MISSY,14,COCKER SPANIEL
Dog,PRINCE,PRINCE,7,GERMAN SHEPHERD/GOLDEN RETRIEVER
Dog,SAMUEL,SAM,8,GOLDEN RETRIEVER
Cat,WOLFE,BUDDU,11.5,DOMESTIC SHORT HAIR
Cat,MUPPET,MUPPY,6,TABBY
Bird,BRUCE,BRUCEY,10,BUDGERIGAR
Dog,PRECIOUS FUDGE,MISS PRECIOUS,12,CHOCOLATE LAB/COLLIE
Dog,TRUFFLES,TRUFFS,11,CHOCOLATE POODLE
Dog,WOODLAND,WOODY,4,LONG HAIRED CHIHUAHUA
Other,TOMASA,TOMMY,1 year 10 months,
Dog,HEATH M&M,MR. PEAF,8,AUSTRALIAN CATTLE DOG
Dog,MOSLEY,MR. MOSLEY,6,PITBULL/TERRIER
Dog,PETER,MR. PETER,3,
Cat,MISS LUCY,LUCY,4,SIAMESE
Cat,MISS MOLLY,MOLLY,3,
Cat,LUNA,LUNA,4 and a half months,RAGDOLL
Dog,SAMMY,SAMMY,12,SHI TZU MIX
Dog,THEODORE BARKALOT,TEDDY,8,BICHON HAVANESE
Other,DELPHINE,,2 years,SPECKLEDYS
Dog,D'ARTAGNAN,DART,17,PUG
Cat,FIRE,FIRE,3 months,SHORT HAIR
Cat,ASH,ASH,3 months,SHORT HAIR
Cat,KAMI,KAM,1 year,LONG HAIR
Cat,KIT KAT,KIT,2 months,MEDIUM HAIR
Dog,CELSIUS PELE AMADEUS CARTIER,CELSIUS,11 years,LABRADOR RETRIEVER
Dog,LANDO CALRISIAN,LANDO,4,LABRADOR
Dog,OBI-WAN,OBI,2,LABRADOR
Dog,TITUS SIRIUS ICARUS CARTIER,TITUS,10 years,BLACK LABRADOR RETRIEVER MIX
Dog,SAMUEL T DOGG,SAM,8(ish) (rescue),LABRADOR
Cat,PUKA SHELL,PUKA,3,
Cat,LILY PAD,LILY,1.5,
Dog,OREO ANN,OREO,11,
Dog,OLIVER,OLLIE,7,
Dog,STAMFORD,STAMFORD,10,BICHON FRISE CROSS
Dog,BENTLEY,BENTLEY,4,CHOCOLATE LAB
Dog,LULU,LULU,10,JACK RUSSELL
Dog,ELLA,ELEPHANT,8,RETRIEVER X LABRADOR
Dog,ROXY,ROXY,5,GERMAN SHEPHERD
Cat,ANDREW ANGELA,ANDIE,1.5,AMERICAN SHORTHAIR
Cat,CRICKET,CREEKEE,8,AMERICAN SHORTHAIR
Dog,DESMOND,DEZ,8,ENGLISH BLACK LABRADOR
Cat,TALLULAH MAY,CHUNKY BUTT,2,AMERICAN SHORTHAIR
Dog,STELLA,STELLA,9,HUNTERWAY X COLLIE
Cat,SNOWFLAKE,SNOW / SNOWY,11,MAIN COONE X
Dog,SHEENA,BEENA,12,GOLDEN
Cat,RICO,RICO,13,
Cat,SIRIUS BLACK,CHONK,4,
Cat,BELLATRIX LESTRANGE,BELLA,2,
Dog,PERRY THE POODLE,PERRY,2,STANDARD POODLE
Dog,CODY THE CORGI,CODY,3,PEMBROKE WELSH CORGI
Cat,PRINCESS PENELOPE PINEAPPLE PIZZA,KITTY,3,CALICO
Cat,MEL,MELZINGA,3,
Dog,GINEVRA MOLLY,GINNY,18 weeks,GOLDEN RETRIEVER
Cat,MEL DE MELISSA DUARTE BRANDIZZI,MEL,3,
Cat,MILA VILELA BRANDIZZI,MILA,1,
Cat,SUSHI,BABY / SUSHI BURGER,14,BLACK CAT
Dog,RILEY,"RILEY OR RI (PRONOUNCED RHY), BUT THEN THERE‚ÄôS A BUNCH OF NICKNAMES LIKE (RILEY ROO, ROO, RI RI, BUD, BUDDY, BUB, ETC)",4,HUSKY
Dog,CLEOPATRA,CLEO,3,GREYHOUND
Dog,COCO,COCO,10,CORGI
Dog,CAPTAIN,CAPTAIN AKA CAPPIE,14,HUSKY
Dog,BUDDY,BUDDY,8,MUTT
Dog,MAGNOLIA MAE,MAGGIE,2,CORGI
Dog,SAM,SAMMY,5,BORDER COLLIE
Other,LILY,LILY,1,
Dog,ZOEY,ZO,4,MUTT
Cat,SAMMY,SAMMY,9,
Cat,TIKA,TIKA,8,
Cat,PRINCE WILLIAM,WILLIAM,9,
Dog,CHIP,CHIPPERS,2 YO,GOLDEN RETRIEVER
Other,ROSIE,ROSIE,6,CHILEAN ROSE HAIR TARANTULA
Cat,ZOEY,ZOEY,5,TABBY
Cat,STELLA LOU,STELLA,2,TABBY
Dog,SNICKERS,SNICK,8,LABRADOR
Dog,MAX,MAX,12.5,LABRADOR
Dog,LEELOO,LEELOO,2,LABRADOODLE
Dog,OWEN,OWEN,13,RIDGEBACK
Dog,DAISY MAY,DAISY,11,GOLDEN RETRIEVER
Cat,MARIA,MARIA,8 1/2,MIX
Dog,SUNSHINE,SUNNY,4,PYRADOR
Cat,PENELOPE,PENELOPE,9,CALICO
Other,PEBBLES,PEB,4,LEOPARD GECKO
Dog,FRESKIN,FATTIMA BOUFFANTS,13,LABRADOR RETRIEVER
Dog,PHILIPPA,PIPPA,4,AMERICAN HAIRLESS TERRIER
Dog,LILLIE (LILIAN NOW THAT SHE‚ÄôS OLDER),LILLIE,5 years,BOXER
Cat,CALLIE,CALLIE,15,
Dog,"DR. WOLF BARKER, MD PHD DOG",WOLFIE,7 years,MIXED
Dog,TOBY,TOBIAS,10,BICHON FRISE
Cat,MACKINTOSH,MILO,10,STREET CORNER
Dog,ALICE,ALICIMA BOUFFANTS,11,BICHON FRISE
Dog,DEEDEE,DEEDLE DUMPLING,10,BICHON FRISE
Dog,OLIVER,OLIVER,12,BICHON FRISE
Dog,REUBEN,REUBEN,12,BICHON FRISE
Dog,MOWGLI,"MOWGLI, MR. TUDE (WHEN HE'S SASSY)",3 1/2,YORKIPOO
Dog,TOBY,TOBY,12,LABRADOR RETRIEVER
Other,SALT,SALT,2,
Other,PEPPER,PEPPER,2,
Cat,SHAKA,SHAKA,9,SIAMESE
Cat,ZIA,ZIA,12,SIAMESE
Dog,BUDDY,BUDDY,11,MUTT/MIXED
Dog,BELLA SITKA LASTNAME,"BELL, BELLA, PRETTY",15,MIANTURE AMERICAN ESKIMO
Dog,MONTY,MONTGOMERY OF FITZGERALD,8,LABRADOR RETRIEVER
Dog,LUNA LASTNAME,"LUNA, LOON, LOONIE, MISS LOON, WIGGLES",9 months,DOXIN
Bird,VAILLANTE,VAILLANT,5,
Dog,ECHO LAST NAME,ECHO,12,MINIATURE AMERICAN ESKIMO
Dog,NUFFIN,NUFFIN,6,GOLDEN RETREIVER
Cat,TAURIEL,TAURIEL,4 1/2,DOMESTIC SHORT HAIR
Cat,GARBANZO,BEAN,4,DOMESTIC SHORT HAIR
Dog,MARS,CHANO,9,CORGI
Dog,CALHOUN RICHARD ANDERSON DU NORD,CAL,3.5,GOLDEN RETRIEVER
Dog,CHARLIE BROWN,"CHARLIE, CHARIZARD, CHARLES",10,LABRADOR RETRIEVER
Dog,BIXBY LUCAS,BIXBY,1,BLACK LAB
Cat,LUNA LINETTI,LUNA,1,BLACK CAT
Dog,TACO,"TACA TACA, SNORTICUS",13,FRENCH BULLDOG/BOSTON TERRIER MIX
Dog,BELLE,JELLY BELLY,3,BEAGLE MIX
Dog,JIMMY,JIMMY,3,JACK RUSSELL TERRIER
Other,WOBBLES,WOBBLES,10 months,SYRIAN HAMSTER
Cat,BUDDHA,BUDDHA,15,DOMESTIC SHORT HAIR
Dog,MILES,MILES,10,REDBONE COONHOUND
Dog,ELEANOR ROSE,ELLY,5,GOLDEN RETRIEVER
Cat,CHARLOTTE MAY,CHARLOTTE,4,BROWN AND WHITE TABBY
Dog,COOPER JAY NIGEL WINSTON,COOPER,8,YORKIE MIX
Dog,BUDDY AUGUSTO,BUDDY,14,COCKER SPANIEL
Dog,DASH,DASH,7,PIT BULL MIX (AND VERY GOOD BOY)
Cat,CALVIN COOLIDGE CAT,CAL,17,SIAMESE
Cat,GRACIE COOLIDGE CAT,GRACIE,16,RUSSIAN BLUE
Dog,OPIE,DOPE/ OPIE,11,GOLDEN RETRIEVER
Dog,GEORGIA,GEORGIA,3 years old,
Cat,EMILE,MEALSIES,6,FRENCH CHARTEUX
Cat,ZOE,ZOE,3,MIXED BREED CAT
Cat,MALCOLM,MAL,3,TABBY
Dog,DINO,DINO,30 (deceased at 13),KEESHOUND
Cat,MOLLY,MOLLY MAGOO,1,MIXED BREED
Cat,BRUCE SPRINGSTEEN,BRUCE,24,CAT
Dog,PENNY,PENNY,10,"BEAGLE, MINIATURE PINSCHER"
Cat,RAVEN,RAVEN,6,BLACK SHORTHAIR CAT
Cat,CLARABELLE,CLARABELLE,7,POLYDACTYL SHORTHAIR CAT
Dog,ALEX‚ÄôS FIESTY GIRL BAILEY BALOGH,BAILEY,10 1/2 years,GOLDEN RETRIEVER
Dog,REY,REYMUNDO,2.5 years,JACK RUSSELL/CHIHUAHUA
Dog,UWE,UWE,4,GOLDEN BOY
Dog,MILLIE BETTY,MILL,1.5 years,DALMATIAN
Dog,HENRY,HENNY,1 year,DALMATIAN
Dog,DAISY MAY,DAISY,13,MUTT
Dog,CHAMOMILE JUNE,CAMMIE,9,COCKER SPANIEL
Dog,CHAPMAN,CHAPMAN,15,BLACK LAB
Dog,TUCKER,TUCKER,9 months,MINI AUSTRALIAN SHEPARD
Dog,CHAPPELLE,MUTT,7y 9 mo,DACHSHUND AND TIBETAN SPANIEL
Cat,WILHELMINA RAE,WILLA,5,
Cat,FRANCES LOUISE,FRANKIE,6,
Cat,VICTORIA SUSAN,TORI,6,
Cat,OSSANA MAE,OSSIE,5,
Dog,BELLA,BELLA,11,GREATER SWISS MOUNTAIN DOG
Dog,TOBY WAN KENOBI,TOBY,1,GOLDEN RETRIEVER
Dog,DAISY,DAISY,12,LABRADOR
Dog,BEAUCOUP DU CHIEN,BEAU,Deceased,NEWFOUNDLAND
Dog,PUMPKIN,PUMPKIN,Deceased,YELLOW LABRADOR
Dog,POQUIT,POQUIT,Deceased,CHOCOLATE LAB
Cat,ORANGE LAURIE,ORIE,Deceased,
Cat,SUNSET,SUNNY,Deceased,
Dog,ROSIE,ROSIE,9,GOLDEN RETRIEVER
Cat,MATILDA,MATILDA,4,DSH (TUXEDO)
Dog,MURPHY,MURPHY,10,YORKSHIRE TERRIER
Dog,GIACOMO SCIENCE,GIACOMO,6,BERNESE MOUNTAIN DOG
Dog,"ZUUL, MINION OF GOZER",ZUUL,5,PITBULL/BOXER MIX
Dog,TROGDOR JEALOUS,DORA,14,MIX
Cat,IDALOU,LOU,between 5 and 9 years,DOMESTIC SHORT HAIR
Dog,PROFESSOR TUXEDO,TUX,1,BERNESE MOUNTAIN DOG
Dog,BODIE,BODIE,8,GOLDEN RETRIEVER
Dog,ZOEY,ZOEY,5 1/2,LABRADOODLE
Cat,EDDY JEFFERSON,EDDY,4,CAT
Dog,JOEL CARLOS,JOEL,3,BEAGADOR
Dog,LOLA,LOLA,1,ENGLISH COCKER SPANIEL
Cat,MARGOT MAE,MARGOT,4,DOMESTIC SHORTHAIR
Dog,RUFUS,RUFUS,15,CAIRN TERRIER
Dog,SADIE,BUBBA,12,GOLDEN
Cat,CHESTER,KIDDO,1,
Dog,ZOEY DESCHANEL,ZO,12,BICHON FRISE
Dog,COOPER,COOP,6,GOLDEN
Dog,CAPTAIN GOOSE,GOOSE,1,WHO KNOWS? (FOSTER)
Dog,MR DOCTOR PROFESSOR CONSTABLE DETECTIVE BRICK,BRICK,8,BRITISH BULLDOG
Dog,ELLIE SATTLER,EL,1,PIBBLE
Cat,LILY,LITTLE SHIT,4,
Dog,JUKE,JUKE,4,DACHSHUND
Dog,BLUE,BLUE,6mo,CHOCOLATE LAB
Dog,KIEFER BARTHOLOMEW,KIEF,9,BELGIAN SHEPARD
Dog,JACKSON,JAX,5,LABRADOODLE
Cat,MARZIPAN,PAN,2,
Dog,ZETA BEAR,BEAR,6,GERMAN SHEPARD
Cat,SUNNY,SUN BUN OR JUST BUN,2 months,
Other,PROFESSOR MINERVA MCGONAQUILL,MINNIE,2.5,AFRICAN PYGMY
Dog,MINNIE,MINNIEPIN,2,MUTT
Other,FSH,FSH,10,"MEXICAN BLIND CAVE TETRA (THEREFORE, IT WAS BORN WITH NO EYES (SO IT HAS NO ‚ÄúI‚ÄôS IN ITS NAME))"
Dog,DIXIE,DIXIE,15,SHEPHERD MIX
Dog,ROSA BARKS,ROSIE,11,SHIH TZU
Dog,CHARLIE,CHARLIE,10 weeks,CAVAPOO
Dog,JACK DOG,JACK,16,MUTT
Cat,MINERVA,MINNY,6,
Dog,TIMON,TIMON,3,MUTT
Dog,LEILA FOWLER-MARTINEZ,LEILA OR PINCHE LEILA,7,
Dog,TUBU,TUBU,11,CHIHUAHUA
Cat,VENUS,KITTY,11,SHORT HAIRED CALICO
Dog,GOODNESS GRACIOUS,GRACY,12,SHIH TZU
Dog,MONKEY,MONKEY,11,AUSTRALIAN SHEPARD/ROTTWEILER
Cat,JYNX,JYNX,4,DOMESTIC MEDIUM HAIR
Dog,ROSIE,ROSIE POSIE,Deceased,GOLDEN RETRIEVER
Cat,WENDY,WENDY,3,DOMESTIC SHORTHAIR
Other,KATYA,CHICKEN (IDK WHY),2,RUSSIAN DWARF
Dog,SCIROCCO AUGUSTUS,ROCCO OR CROCCO,5,TREEING WALKER COONHOUND/ CHINESE SHARPEI
Dog,HEAVY DUTY PUPPY,DUTY,4,SHELTIE (HE WAS AN ‚ÄúANTI‚Äù-RUNT OF THE LITTER)
Other,ARTHUR,ARTURO,5,ENGLISH LOP
Cat,JACK,KITTY-BOY,6,TABBY MIX
Dog,SIENA ROSA,SIENA,12,GOLDEN RETRIEVER
Dog,"BUTTERCUP MAPLESDE, ZUEZ MAPLESDEN, BELLA MAPLESDEN, HERCULES MAPLESDEN","BUTTERNUT, ZUZY , BELLA, HERCULES.",2.5 yrs 2.5 yrs 2 yrs 2 yrs,UNKNOWN UNKNOWN BALI DOG MIX AND TABBY CAT
Dog,GHIA LYNN,GHIA OR GEEG,1,BORDER COLLIE/ CHINESE SHARPEI
Dog,DELILAH,LILAH,7,BEAGLE
Cat,BAILEY‚ÄôS IRISH CREAM,BAILEY,13,SIAMESE MIX
Dog,TREACLE,TREACLE,10,BORDER COLLIE CROSS (MONGREL)
Dog,SAM,SAM,11,LABRADOR
Dog,TYSON,"TYSBERT, T MCT, MUCKI, MUCKELBERT, MUCKMUCK, MAGGEY",14,ROTTWEILER-GERMAN SHEPHERD-MIX
Cat,MADISON SQUARE GARDEN,SQUARE,2,
Cat,GARFIELD,COOTER üò≥,8,ORANGE TABBY
Dog,PARKER,PARKER,11,GOLDENDOODLE
Dog,CAPTAIN AVRO CLARENCE,AVRO,6,SCHNAUZER
Dog,CARLENE,WEENTZ,4,MUTT
Dog,LINDA,LINDA,10,WEST HIGHLAND WHITE TERRIER
Cat,STELLABELLA,STELLA,7,TORTIE
Dog,TOBY WOOFERTON,TOBY,18,MIXED
Dog,SACHA,FJOLLEHOVED (DANISH FOR GOOFBALL),13,DOG (GOLDEN LABRADOR RETRIEVER)
Cat,PONCE DE LEON,PONCE,7,DOMESTIC SHORTHAIR
Dog,SNICKERS,SNICKS,14,LABRADOODLE
Cat,ECHO,ECHO,12,
Cat,TIGA,TIGA,7,DOMESTIC SHORTHAIR
Dog,SHERLOCK BONES,SHERLOCK,4,PIT BULL MIX
Dog,IRENE ADLER,ADDIE,8,BULLDOG
Cat,BLOO,BLOO,11,
Dog,WALLACE,WALLY,2,LABRADOODLES
Dog,DUDE,HANDSOME,2.5,LABRADOR RETRIEVER
Cat,MITTEN,TUNA,13,
Dog,BAILEY,BAILEY,9,GOLDEN RETRIEVER
Dog,WILLOW,SWEETIE,6,LABRADOR RETRIEVER
Dog,PHILISTINE SMOOSH,BILL,14,JACK RUSSELL TERRIER
Cat,KITTY CAT,KC,13,UNKNOWN
Cat,ELVIS,TUBBY,12,SIAMESE
Dog,HENRY NACHO,HENNY,8,GOLDEN RETRIEVER
Dog,MAXIMILIAN KOLBY,MAXY,16,GOLDEN RETRIEVER
Dog,ARGOS,ARGOS,6,MIXED
Other,BUTTERCUP,BUTTER,Unsure,
Other,JUMBO,JUMBO,19,LOXODON
Dog,MADELINE GRACE,MA MA,15,GOLDEN RETRIEVER
Dog,ELVIS,ELVIS,11,COCKAPOO
Dog,COCONUT BUTTER,COCO,5,MIX
Dog,LUCY-FUR,LUCY,12,GOLDEN RETRIEVER
Dog,SOPHIE GRACE,SOPH,13,BRINDLE BLACK
Dog,PRINCE,PRINCE,14,"POODLE, SHIH TZU AND A MISC TERRIER/SPORTING BREED MIX"
Dog,JACKSON BUTTSICKLE,JACKS,4,MIX
Dog,LASSIE,LASS LASS,14,MOTH EATEN CARPET
Dog,CHARLES XAVIER II,CHARLIE,4,GREAT PYR
Cat,GINGERSNAPZ C. CAT,GINGERSNAPZ,7,DOMESTIC SHORTHAIR
Dog,CAROLINE,CAROLINE,5 years old,PUREBRED ALABAMA MUTT
Cat,SHADOW,SHADOW,11,
Cat,MURRAY 2,MURRAY,7,
Dog,BEAU,"GOOMBY, MR. BEAUREGARD",4,GOLDEN RETRIEVER
Dog,LINDON,LINDY LOO,10,PIT BULL/LAB MIX
Cat,MARILYN,"CHIRP, PUMPKIN PIE, MEOW MEOW",5,ORANGE
Dog,TEDWARD,TEDDY,4,SHIH-TZU MIX
Dog,ZUZU,ZU,4,SHIH TZU X BICHON
Dog,MARCUS BRUTUS,BRUTUS,4,BOXER
Cat,CHARLIE CHAPLIN,CHARLIE,1,
Cat,MOLLY TIGERLILY,MOLLY,1,
Cat,BRITANNIA,BRIT,10,
Dog,BROWNIE LEIGH,BROWNIE,3,GOLDEN SHEPHERD
Dog,JERSEY GIRL,JERSEY,11,HUSKY/MALAMUTE/SNEAKY NEIGHBOR'S DOG MIX
Dog,STELLA,STELLS,10,GOLDEN DOODLE
Dog,LIZZIE,LIZZIE PIE,6,HUSKY/SNEAKY NEIGHBOR'S DOG MIX
Cat,MARBY,BEANIE BABY,14,AMERICAN SHORTHAIR
Dog,ROXY,ROXY SOCKS,1,MUTT
Dog,COCO MURFREE,COCO,9,BORDER COLLIE
Dog,OZZY,OZLET,1,MINNIE AUSTRALIAN SHEPHERD/COCKAPOO
Dog,WINSTON PIGALOO,WINSTON OR LEWIS,6,PUG
Dog,NOODLE,NOODLE / WEENIE,13,WEINER DOG
Dog,PHANTOM,PHANTOM,5,STAFFORDSHIRE PIT BULL
Dog,ELLEN PARK,ELLEN,3,GR
Cat,MEREDITH,MER,1,DOMESTIC SHORTHAIR
Cat,BRENNAN ZACHARY,PUNKIN BUTT,8,DOMESTIC SHORT HAIR
Other,FISHY,FISHY,18,
Dog,SPUD,SCHMOOPS,1.5 years,PEMBROKE WELSH CORGI
Dog,FN 2187,FINN,1.5 years,GOLDENDOODLE
Cat,FRANK EN STEIN,FRANK,8,MAINE COON
Dog,PISCO,PISCO,5,GERMAN WIREHAIRED POINTER
Dog,SADIE,SADIE,3,GSD
Dog,LOLA,LOLI RAVIOLI,9 months,GOLDEN RETRIEVER
Dog,ADDIE HEART,ADDIE,8,LAB/CHOW CHOW MIX
Dog,ERNIE,"ERNBURN, ERNDOG, ERNIEWORM",1,
Other,MILO CHICKEN NUGGET,MILO,6 1/2 months,
Cat,MELON,MEL,3,BLACK
Dog,SEMAJ,"SAMMICH, DUMBLEDORK",4,SHIH TZU
Dog,MAYA,"LITTLE MISS MAYA, DIVA",8,SHIH TZU
Dog,BIJOU,BIJOU,12,JACK RUSSEL TERRIER X TOY POODLE
Dog,PESTO,PESTO,9 months,BEAGLE
Dog,MAGGIE,MAGZ,Unknown,ESKIMO MIX
Cat,DOCTOR SNUGGLES VON FLUFFYBOTTOM,DOC,6,
Dog,TOBY,TOBY,1,GOLDEN RETRIEVER
Dog,JACOB MARLEY,JAKE,6,GOLDEN RETRIEVER
Cat,DIXIE,POTATO,11,FLUFFY
Dog,CUJO,BUBBY,11,COCKER SPANIEL
Cat,FINN,FINNARD,9,LONG HAIRED
Dog,MAIZIE,MAIZIE,4 months,MINI SCHNAUZER
Dog,BRUCE D4,BRUCE,12,DACHSHUND
Dog,JACKIE KATE,JACKIE,5,LAB/BEAGLE MIX
Dog,DAISY BEAR,DAISY OR BEAR,2.5 years,GERMAN SHEPHERD
Other,DONUT,DONUT,5,CRESTED GECKO
Other,WHISKERS GOLDIE-THE-GOLDFISH SWEETIE,WHISKIES,2,BETA
Dog,TINKER STINKER,STINKS,2.5 years,GERMANN SHEPHERD
Cat,VINNIE,HUGGIEBEAR BIDEN,4,N/A
Cat,WATSON & CRICK (I HAVE TWO CATS),DR. WATSON & DR. CRICK,8.5 years,TABBY
Dog,MILE HIGH ICE STORM,MILES,7,GOLDEN RETRIEVER
Dog,BREEZY BEAR,BREEZY,1,GOLDEN RETRIEVER
Dog,NARA,GORDA,3,AUSTRALIAN CATTLE DOG
Dog,"WYATT DANIEL, THE WILD CORGO",WYATT,2,PEMBROKE WELSH CORGI
Other,,PETRA,,GOLDEN RETRIEVER
Other,WAFFLE,WAFFLE,2,BETTA FISH
Dog,ROSIE,ROSIE,10,WALKER HOUND
Dog,LILLY,LILLY,10,GERMAN SHEPHERD/HUSKY/BEAGLE/CHOW CHOW
Dog,CHARLES,CHARLES,12,MINIATURE SCHNAUZER/POODLE
Dog,PIPPA,PIP,1.1 years,GOLDENDOODLE
Dog,OLIVER,OLLIE,Seven,JACK RUSSELL TERRIER
Dog,KIKU,KIKU,3,MUTT
Dog,BRANDY,BRENDA,10,HAVANESE
Dog,BOBBY,BOBKIN,8,SHIH TZU
Dog,EMMA,EMMA,12,SHIH-TZU POODLE MIX
Dog,BESSY,BESS,10,LABRADOR
Cat,ROMANOVSKI,ROMI,5,DOMESTIC SHORT HAIR
Cat,FIFI LA POU,FIFI,2,DOMESTIC LONG HAIR
Cat,GEORGIE PORGIE,GEORGIE / SAUCY,1,DOMESTIC SHORT HAIR
Dog,DAKOTA,"WOOBIS, WOOBIE",13,MIX
Dog,ALTRICHTER,COOPER,9,GOLDEN RETRIEVER
Dog,TUCKER,TUCK,7,GOLDEN RETRIEVER
Cat,MILO,MILO,13,TABBY
Other,PEPPERWOOD,PEPPERWOOD,1+ years,BETTA
Cat,JAMESON CHEWBACCA,JAMIE,15,AMERICAN SHORTHAIR
Dog,PENNY BELLEW,PENNY,6,LABRADOR
Cat,BUDDY,BUDDY,2,
Cat,CAT JENKINS,CAT,2,
Cat,CROUTON,CROUTON,3,
Dog,MORENA,MORENA,2 years,CORGI
Cat,SAMUS ARAN,SAMUS,14,TABBY
Dog,BROWNIE,BUB,13,MALTIPOO
Dog,MOSE SCHRUTE,MOSE,2,GERMAN SHEPHERD
Dog,ROCKY,ROCKY,6,CORGIDOR
Cat,ROSALIND FRANKLIN,ROSIE,1,
Cat,HARLEY QUINN,BABY KITTY,5,
Other,SUSHI,SUSHI,2,BETA
Cat,MISTER BEANS,MISTER BEANS/ BEANS/ BEANSY BOI,10,GREY DOMESTIC SHORT HAIR
Other,LORD BAPHOMET: DESTROYER OF WORLDS,BAPHOMET,,N/A
Dog,TYLER JOHN (HAD TO GIVE HIM A MIDDLE NAME FOR WHEN HE WAS IN TROUBLE),TY,12,RHODESIAN RIDGEBACK
Cat,ADANAC,CHUNKY,2,AMERICAN SHORTHAIR
Cat,CALLISTER,CALLIBEAN,2,AMERICAN SHORTHAIR
Dog,TUX,TUX,9,BLACK LAB MIX
Dog,RUBY,RUBY,3,COONHOUND/BEAGLE
Dog,POOCH-K,POOCH-K THE POOCH,7,MUTT
Dog,SCOOBY,SCOOBERS,7 months,MUTT
Cat,DWAYNE,"MR. BABY DWAYNE, DWANIEL, BUB.",3,AMERICAN SHORTHAIR
Cat,ALICE,"SPIPPY, SPEEPS, KITTEN.",11,AMERICAN SHORTHAIR
Dog,LLOYD,LLOYD,11,GOLDEN RETRIEVER
Cat,BO SCHEMBECKLER,KITTY,15,SHORT HAIR
Dog,ISHKA,ISH/ISHKA,8,GOLDEN RETRIEVER
Dog,MILLIE,MILLIE,1.5,BORDER COLLIE
Dog,ROSSA,"ROSS, ROSSY, ROSSAPOO",5,GOLDEN RETRIEVER
Dog,WOOKIE,WOOKIE,7,GOLDENDOODLE
Dog,TUCKER,TUCKER,2,LAB
Dog,KEIFER,KEIFER,14,YELLOW LAB
Dog,FRANKIE,FRANKIE,7,HUSKY MIX
Cat,TENZING,TENZING,12,SHORTHAIR CALICO
Dog,SAMMY,SAM,5,JRT/MINIATURE PINCHER
Dog,BARRETT,BARRETT,3,GERMAN SHEPHERD
Dog,BENJAMIN,BENJ,2,BORDER COLLIE/BELGIAN MALINOIS
Dog,LANEY,LANEY,12,GOLDEN RETRIEVER
Dog,DIXIE,LADY,3,AMERICAN PITBULL
Dog,DIESEL,DIESEL,3,PITBULL MIX
Other,HAMTARO,HAMTARO,,
Dog,BAXTER,BAXTER,7.5,GOLDEN RETRIEVER
Dog,RILEY MARIE,RILEY,13,COCKER SPANIEL
Dog,REGINALD FONZERELLI HAWKES,REG,12,GOLDEN DOODLE
Cat,MOLLY,MOLLY,6,
Cat,KEVIN,BOOBOO,3,
Dog,ERIK,EARWIG,4,WIREHAIRED DACHSHUND
Dog,OLIVER,OLI,8,JACK RUSSELL
Other,THING ONE,HER,1,
Dog,BILBO SPUD DOGGINS,BILBO,5,CORGI/COCKER SPANIEL MIX
Dog,BAILEY WOOFER,BAILEY,13,COCKER SPANIEL
Cat,ROY LEE LARAMIE,ROY,10,
Cat,PETUNIA,TUNEY,8,
Dog,SKYY LIKE THE VODKA,SKYY,3,HUSKY
Other,STUBBS,STUBS,15,LEOPARD GECKO
Dog,MALIBU LIKE THE RUM,MALIBU,1,GOLDEN RETRIEVER
Dog,GOLDEN TATE,TATE,2,GOLDEN RETRIEVER
Dog,BEAR,BEAR,7 mo,LABRADOR RETRIEVER
Dog,STANLEY,STAN,6 months,MINIATURE SCHNAUZER
Cat,COCO,COCO,4,SHORTHAIR
Dog,ANDROMEDA MAE,ANDIE,6,GOLDEN DOODLE
Dog,ELOISE GERTRUDE,ELLIE,2,LABRADOODLE
Dog,LADY BONNIE OF COVENTRY,BONNIE,8,BLACK LAB MIX
Cat,OPHELIA MARIE KITKAT MCDOUGLE O‚ÄôMALLEY JR.,OPHELIA,9,
Cat,SIE ISAAC NEWTON,NEWTON,16,
Cat,BLACK CAT,BC,3,
Dog,GIBSON,GIBBY,2.5,PIT BULL MIX
Dog,BREWSKIE,BREW,11,PUGGLE
Cat,WOLFGANG MOTZART,WOLFIE,7,AMERICAN SHORTHAIR
Dog,KOLI,KOLI,11,YORKER TERRIER/SILKY TERRIER MIX
Dog,MOXIE JEAN NARICE,MOXIE,1,GERMAN SHEPHERD MIX
Dog,DANCER PANTS,DANCER,17,HAVANESE
Cat,KITTY OR THE CAT (IF SHE'S BEING BAD),KITTY,1,
Other,BLUEBERRY,BLUE,6 months,BETA FISH
